Date,Open,High,Low,Close
12/31/2022,"16,576","16,634","16,541","16,549"
12/31/2021,"47,239","48,564","45,715","46,322"
12/31/2020,"28,898","29,298","27,989","28,966"
12/31/2019,"7,254","7,309","7,132","7,171"
12/31/2018,"3,859","3,888","3,697","3,721"
12/31/2017,"12,995","14,213","12,497","14,003"
12/30/2022,"16,599","16,644","16,340","16,576"
12/30/2021,"47,233","47,893","46,019","47,239"
12/30/2020,"26,870","28,980","26,870","28,896"
12/30/2019,"7,402","7,430","7,217","7,254"
12/30/2018,"3,963","3,971","3,744","3,859"
12/30/2017,"14,292","14,660","12,183","12,996"
12/29/2022,"16,517","16,656","16,478","16,599"
12/29/2021,"47,586","48,152","46,664","47,210"
12/29/2020,"26,606","27,164","25,926","26,870"
12/29/2019,"7,334","7,529","7,295","7,402"
12/29/2018,"3,938","3,981","3,864","3,963"
12/29/2017,"13,931","15,076","13,900","14,312"
12/28/2022,"16,698","16,759","16,478","16,517"
12/28/2021,"50,990","51,228","47,330","47,586"
12/28/2020,"26,303","27,404","26,136","26,634"
12/28/2019,"7,235","7,359","7,235","7,334"
12/28/2018,"3,626","3,994","3,610","3,939"
12/28/2017,"15,136","15,470","13,499","13,931"
12/27/2022,"16,821","16,957","16,603","16,698"
12/27/2021,"50,802","51,976","50,487","50,996"
12/27/2020,"26,666","28,326","25,824","26,303"
12/27/2019,"7,208","7,267","7,087","7,235"
12/27/2018,"3,812","3,877","3,613","3,631"
12/27/2017,"15,892","16,476","14,533","15,136"
12/26/2022,"16,823","16,910","16,794","16,821"
12/26/2021,"51,003","51,003","49,568","50,802"
12/26/2020,"24,409","26,753","24,379","26,648"
12/26/2019,"7,218","7,437","7,179","7,208"
12/26/2018,"3,827","3,899","3,728","3,809"
12/26/2017,"13,802","16,079","13,680","15,886"
12/25/2022,"16,836","16,863","16,744","16,823"
12/25/2021,"50,898","51,144","50,220","51,001"
12/25/2020,"23,399","24,657","23,379","24,409"
12/25/2019,"7,255","7,268","7,130","7,214"
12/25/2018,"4,100","4,111","3,728","3,827"
12/25/2017,"13,174","14,573","13,075","13,798"
12/24/2022,"16,815","16,865","16,765","16,836"
12/24/2021,"50,849","51,836","50,513","50,898"
12/24/2020,"23,295","23,546","22,689","23,384"
12/24/2019,"7,328","7,417","7,168","7,255"
12/24/2018,"3,993","4,284","3,953","4,100"
12/24/2017,"15,414","15,479","12,508","13,182"
12/23/2022,"16,791","16,900","16,769","16,815"
12/23/2021,"49,082","51,364","48,077","50,843"
12/23/2020,"23,434","24,085","22,863","23,299"
12/23/2019,"7,420","7,696","7,302","7,328"
12/23/2018,"3,932","4,103","3,885","3,999"
12/23/2017,"14,112","15,704","13,517","15,413"
12/22/2022,"16,790","16,862","16,569","16,791"
12/22/2021,"49,103","49,557","48,477","49,082"
12/22/2020,"23,138","23,598","22,385","23,434"
12/22/2019,"7,145","7,463","7,138","7,420"
12/22/2018,"3,893","3,979","3,835","3,933"
12/22/2017,"15,629","15,830","10,835","14,265"
12/21/2022,"16,883","16,923","16,729","16,790"
12/21/2021,"47,013","49,318","46,676","49,059"
12/21/2020,"23,406","24,094","22,080","23,146"
12/21/2019,"7,209","7,215","7,128","7,147"
12/21/2018,"4,036","4,190","3,822","3,893"
12/21/2017,"16,273","17,301","15,082","15,629"
12/20/2022,"16,583","17,023","16,300","16,883"
12/20/2021,"46,741","47,524","45,581","47,013"
12/20/2020,"23,988","24,244","23,117","23,494"
12/20/2019,"7,169","7,225","7,094","7,209"
12/20/2018,"3,704","4,210","3,704","4,036"
12/20/2017,"17,043","17,823","15,578","16,273"
12/19/2022,"16,750","16,820","16,499","16,583"
12/19/2021,"46,941","48,285","46,468","46,741"
12/19/2020,"22,898","24,128","22,805","24,004"
12/19/2019,"7,144","7,447","7,065","7,170"
12/19/2018,"3,575","3,960","3,563","3,704"
12/19/2017,"18,703","19,026","16,838","17,061"
12/18/2022,"16,709","16,796","16,671","16,750"
12/18/2021,"46,946","47,335","45,557","46,941"
12/18/2020,"22,775","23,278","22,398","22,911"
12/18/2019,"6,633","7,222","6,459","7,143"
12/18/2018,"3,536","3,608","3,475","3,574"
12/18/2017,"19,067","19,501","18,094","18,712"
12/17/2022,"16,835","16,869","16,534","16,709"
12/17/2021,"48,139","48,163","45,539","46,946"
12/17/2020,"21,200","23,685","21,200","22,767"
12/17/2019,"6,892","6,944","6,602","6,632"
12/17/2018,"3,240","3,613","3,220","3,539"
12/17/2017,"19,283","19,783","18,792","19,067"
12/16/2022,"17,384","17,524","16,754","16,835"
12/16/2021,"49,221","49,398","47,715","48,139"
12/16/2020,"19,431","21,275","19,319","21,240"
12/16/2019,"7,133","7,152","6,856","6,892"
12/16/2018,"3,236","3,298","3,213","3,241"
12/16/2017,"17,576","19,302","17,353","19,283"
12/15/2022,"17,818","17,861","17,340","17,384"
12/15/2021,"48,280","49,495","46,631","49,221"
12/15/2020,"19,199","19,561","19,086","19,431"
12/15/2019,"7,092","7,177","7,027","7,133"
12/15/2018,"3,188","3,266","3,156","3,236"
12/15/2017,"16,490","17,873","16,445","17,524"
12/14/2022,"17,764","18,338","17,698","17,818"
12/14/2021,"46,892","48,639","46,378","48,280"
12/14/2020,"19,182","19,314","18,996","19,201"
12/14/2019,"7,252","7,274","7,022","7,092"
12/14/2018,"3,285","3,324","3,168","3,188"
12/14/2017,"16,717","17,023","16,123","16,496"
12/13/2022,"17,153","17,889","17,094","17,764"
12/13/2021,"49,981","50,380","45,871","46,892"
12/13/2020,"18,800","19,414","18,734","19,182"
12/13/2019,"7,212","7,300","7,195","7,252"
12/13/2018,"3,476","3,477","3,261","3,287"
12/13/2017,"17,262","17,460","15,800","16,717"
11/30/2022,"16,454","17,103","16,429","17,102"
11/30/2021,"58,266","59,146","55,932","57,144"
11/30/2020,"18,267","19,835","18,094","19,376"
11/30/2019,"7,721","7,812","7,486","7,559"
11/30/2018,"4,207","4,311","3,893","3,947"
11/30/2017,"10,173","10,682","9,022","9,715"
11/29/2022,"16,193","16,528","16,094","16,454"
11/29/2021,"56,281","58,878","56,104","58,266"
11/29/2020,"17,765","18,330","17,556","18,267"
11/29/2019,"7,578","7,854","7,393","7,725"
11/29/2018,"4,252","4,414","4,116","4,207"
11/29/2017,"9,946","11,377","9,290","10,173"
11/28/2022,"16,570","16,586","16,018","16,193"
11/28/2021,"54,601","56,402","53,578","56,281"
11/28/2020,"17,037","17,891","16,895","17,764"
11/28/2019,"7,558","7,661","7,436","7,578"
11/28/2018,"3,797","4,370","3,777","4,252"
11/28/2017,"9,650","9,969","9,602","9,946"
11/27/2022,"16,507","16,587","16,390","16,570"
11/27/2021,"54,101","55,339","53,605","54,601"
11/27/2020,"17,122","17,463","16,508","17,037"
11/27/2019,"7,124","7,661","6,872","7,559"
11/27/2018,"3,694","3,820","3,606","3,802"
11/27/2017,"9,356","9,733","9,283","9,650"
11/26/2022,"16,503","16,678","16,425","16,507"
11/26/2021,"58,834","59,342","53,577","54,101"
11/26/2020,"18,859","18,924","16,311","17,122"
11/26/2019,"7,236","7,348","7,054","7,129"
11/26/2018,"4,080","4,122","3,567","3,678"
11/26/2017,"8,703","9,485","8,679","9,351"
11/25/2022,"16,537","16,606","16,352","16,503"
11/25/2021,"57,334","59,399","56,918","58,834"
11/25/2020,"18,938","19,495","18,649","18,846"
11/25/2019,"7,066","7,372","6,559","7,236"
11/25/2018,"3,832","4,130","3,522","4,088"
11/25/2017,"8,257","8,725","8,157","8,703"
11/24/2022,"16,482","16,769","16,448","16,537"
11/24/2021,"57,696","57,755","55,928","57,334"
11/24/2020,"18,419","19,414","18,120","18,938"
11/24/2019,"7,295","7,352","6,958","7,066"
11/24/2018,"4,292","4,404","3,795","3,832"
11/24/2017,"8,169","8,333","7,893","8,260"
11/23/2022,"16,137","16,622","16,091","16,482"
11/23/2021,"56,278","57,847","55,537","57,696"
11/23/2020,"18,585","18,759","18,012","18,426"
11/23/2019,"7,345","7,360","7,118","7,295"
11/23/2018,"4,457","4,472","4,135","4,292"
11/23/2017,"8,202","8,280","8,094","8,169"
11/22/2022,"15,602","16,251","15,599","16,137"
11/22/2021,"59,568","59,574","55,706","56,278"
11/22/2020,"18,635","18,733","17,666","18,585"
11/22/2019,"7,617","7,722","6,816","7,345"
11/22/2018,"4,483","4,617","4,396","4,458"
11/22/2017,"8,142","8,294","7,979","8,202"
11/21/2022,"16,251","16,331","15,508","15,602"
11/21/2021,"59,682","60,044","58,630","59,568"
11/21/2020,"18,586","18,964","18,443","18,638"
11/21/2019,"8,102","8,127","7,447","7,617"
11/21/2018,"4,385","4,663","4,249","4,487"
11/21/2017,"8,255","8,362","7,819","8,144"
11/20/2022,"16,665","16,799","16,236","16,251"
11/20/2021,"57,924","59,725","57,570","59,682"
11/20/2020,"17,939","18,809","17,732","18,586"
11/20/2019,"8,124","8,219","8,051","8,099"
11/20/2018,"4,820","4,929","4,127","4,369"
11/20/2017,"8,030","8,264","7,941","8,250"
11/19/2022,"16,640","16,703","16,552","16,665"
11/19/2021,"57,606","58,396","55,688","57,924"
11/19/2020,"17,781","18,163","17,377","17,939"
11/19/2019,"8,231","8,233","8,030","8,124"
11/19/2018,"5,571","5,583","4,733","4,820"
11/19/2017,"7,830","8,102","7,678","8,030"
11/18/2022,"16,681","16,963","16,544","16,640"
11/18/2021,"60,101","60,956","56,777","57,583"
11/18/2020,"17,633","18,467","17,318","17,781"
11/18/2019,"8,565","8,565","8,083","8,231"
11/18/2018,"5,517","5,645","5,505","5,571"
11/18/2017,"7,697","7,849","7,460","7,830"
11/17/2022,"16,538","16,723","16,407","16,681"
11/17/2021,"60,509","61,067","58,567","60,101"
11/17/2020,"16,717","17,837","16,569","17,627"
11/17/2019,"8,494","8,629","8,409","8,566"
11/17/2018,"5,484","5,566","5,455","5,518"
11/17/2017,"7,893","7,998","7,536","7,719"
11/16/2022,"16,880","16,968","16,381","16,538"
11/16/2021,"63,864","64,015","58,870","60,557"
11/16/2020,"15,859","16,885","15,795","16,717"
11/16/2019,"8,461","8,533","8,437","8,494"
11/16/2018,"5,513","5,643","5,477","5,479"
11/16/2017,"7,292","7,895","7,122","7,892"
11/15/2022,"16,393","17,094","16,344","16,880"
11/15/2021,"64,361","66,311","63,659","63,864"
11/15/2020,"15,996","16,149","15,824","15,865"
11/15/2019,"8,660","8,773","8,407","8,462"
11/15/2018,"5,630","5,711","5,263","5,508"
11/15/2017,"6,594","7,337","6,542","7,292"
11/14/2022,"16,380","17,111","15,807","16,393"
11/14/2021,"64,317","65,297","63,673","64,373"
11/14/2020,"16,287","16,362","15,738","15,997"
11/14/2019,"8,768","8,794","8,578","8,660"
11/14/2018,"6,330","6,342","5,406","5,630"
11/14/2017,"6,492","6,728","6,425","6,594"
11/13/2022,"16,793","16,911","16,250","16,380"
11/13/2021,"64,130","64,941","63,412","64,317"
11/13/2020,"16,155","16,486","15,984","16,287"
11/13/2019,"8,772","8,833","8,716","8,766"
11/13/2018,"6,339","6,357","6,293","6,330"
11/13/2017,"5,908","6,770","5,621","6,492"
10/31/2022,"20,683","20,819","20,274","20,407"
10/31/2021,"61,698","62,400","60,058","60,968"
10/31/2020,"13,644","14,047","13,440","13,841"
10/31/2019,"9,192","9,412","8,976","9,180"
10/31/2018,"6,282","6,359","6,216","6,319"
10/31/2017,"6,087","6,415","6,086","6,393"
10/30/2022,"20,865","20,944","20,578","20,688"
10/30/2021,"62,420","62,490","60,876","61,705"
10/30/2020,"13,484","13,673","13,146","13,644"
10/30/2019,"9,453","9,472","9,033","9,193"
10/30/2018,"6,265","6,312","6,257","6,281"
10/30/2017,"6,193","6,218","6,027","6,087"
10/29/2022,"20,634","21,020","20,566","20,865"
10/29/2021,"61,398","62,943","60,315","62,420"
10/29/2020,"13,208","13,641","12,990","13,482"
10/29/2019,"9,461","9,549","9,111","9,453"
10/29/2018,"6,414","6,437","6,244","6,265"
10/29/2017,"5,729","6,307","5,690","6,193"
10/28/2022,"20,418","20,738","20,055","20,649"
10/28/2021,"58,957","62,321","57,964","61,465"
10/28/2020,"13,619","13,847","12,925","13,208"
10/28/2019,"9,611","9,928","9,285","9,467"
10/28/2018,"6,425","6,436","6,402","6,414"
10/28/2017,"5,748","5,876","5,667","5,729"
10/27/2022,"20,754","20,901","20,261","20,418"
10/27/2021,"62,095","62,095","58,153","58,957"
10/27/2020,"13,025","13,754","13,000","13,632"
10/27/2019,"9,132","9,799","9,103","9,611"
10/27/2018,"6,437","6,454","6,412","6,424"
10/27/2017,"5,826","5,996","5,692","5,758"
10/26/2022,"20,172","20,985","20,023","20,754"
10/26/2021,"62,546","63,272","61,863","62,068"
10/26/2020,"13,038","13,242","12,810","13,025"
10/26/2019,"8,578","10,412","8,578","9,143"
10/26/2018,"6,436","6,484","6,416","6,437"
10/26/2017,"5,678","5,978","5,640","5,825"
10/25/2022,"19,374","20,397","19,240","20,172"
10/25/2021,"61,153","63,688","60,654","62,546"
10/25/2020,"13,103","13,339","12,911","13,040"
10/25/2019,"7,464","8,746","7,417","8,589"
10/25/2018,"6,462","6,465","6,414","6,437"
10/25/2017,"5,470","5,709","5,375","5,678"
10/24/2022,"19,498","19,674","19,168","19,374"
10/24/2021,"61,087","61,451","59,571","61,124"
10/24/2020,"12,941","13,161","12,887","13,103"
10/24/2019,"7,496","7,515","7,369","7,464"
10/24/2018,"6,434","6,500","6,429","6,462"
10/24/2017,"5,888","5,916","5,470","5,470"
10/23/2022,"19,218","19,517","19,081","19,498"
10/23/2021,"60,728","61,716","59,764","61,087"
10/23/2020,"13,128","13,197","12,746","12,941"
10/23/2019,"8,137","8,137","7,338","7,499"
10/23/2018,"6,454","6,458","6,404","6,434"
10/23/2017,"5,902","6,050","5,654","5,888"
10/22/2022,"19,179","19,252","19,118","19,220"
10/22/2021,"62,707","63,694","60,100","60,752"
10/22/2020,"12,856","13,216","12,706","13,128"
10/22/2019,"8,211","8,310","8,100","8,137"
10/22/2018,"6,483","6,483","6,416","6,455"
10/22/2017,"6,054","6,080","5,733","5,902"
10/21/2022,"19,027","19,227","18,734","19,179"
10/21/2021,"65,980","66,612","62,368","62,707"
10/21/2020,"11,904","12,905","11,889","12,853"
10/21/2019,"8,238","8,317","8,169","8,211"
10/21/2018,"6,448","6,502","6,443","6,483"
10/21/2017,"5,961","6,184","5,887","6,053"
10/20/2022,"19,196","19,302","18,937","19,022"
10/20/2021,"64,120","66,923","63,594","65,971"
10/20/2020,"11,732","12,044","11,693","11,904"
10/20/2019,"7,960","8,311","7,906","8,245"
10/20/2018,"6,417","6,466","6,404","6,448"
10/20/2017,"5,715","6,064","5,611","5,954"
10/19/2022,"19,365","19,375","19,113","19,196"
10/19/2021,"61,369","64,322","61,139","64,120"
10/19/2020,"11,447","11,811","11,419","11,732"
10/19/2019,"7,955","8,087","7,902","7,952"
10/19/2018,"6,446","6,467","6,409","6,417"
10/19/2017,"5,501","5,735","5,501","5,715"
10/18/2022,"19,527","19,683","19,113","19,373"
10/18/2021,"59,472","62,626","59,395","61,445"
10/18/2020,"11,357","11,500","11,345","11,447"
10/18/2019,"8,054","8,124","7,849","7,957"
10/18/2018,"6,509","6,553","6,428","6,446"
10/18/2017,"5,577","5,603","5,110","5,501"
10/17/2022,"19,349","19,631","19,128","19,527"
10/17/2021,"61,013","61,408","59,071","59,472"
10/17/2020,"11,319","11,406","11,283","11,356"
10/17/2019,"7,995","8,126","7,947","8,054"
10/17/2018,"6,521","6,558","6,477","6,509"
10/17/2017,"5,706","5,790","5,520","5,577"
10/16/2022,"19,103","19,395","19,010","19,352"
10/16/2021,"62,496","62,526","60,184","61,024"
10/16/2020,"11,558","11,558","11,231","11,314"
10/16/2019,"8,157","8,184","7,929","7,994"
10/16/2018,"6,469","6,591","6,452","6,522"
10/16/2017,"5,564","5,751","5,564","5,707"
10/15/2022,"19,186","19,219","19,052","19,103"
10/15/2021,"57,449","62,719","56,896","62,496"
10/15/2020,"11,398","11,593","11,288","11,544"
10/15/2019,"8,349","8,406","8,133","8,157"
10/15/2018,"6,251","6,961","6,189","6,469"
10/15/2017,"5,723","5,845","5,440","5,558"
10/14/2022,"19,382","19,916","19,139","19,187"
10/14/2021,"56,988","58,488","56,916","57,491"
10/14/2020,"11,437","11,546","11,306","11,396"
10/14/2019,"8,265","8,400","8,232","8,349"
10/14/2018,"6,221","6,303","6,221","6,251"
10/14/2017,"5,584","5,754","5,536","5,723"
10/13/2022,"19,163","19,501","18,271","19,382"
10/13/2021,"55,364","57,479","54,325","56,988"
10/13/2020,"11,564","11,719","11,322","11,437"
10/13/2019,"8,352","8,470","8,174","8,265"
10/13/2018,"6,241","6,246","6,203","6,221"
10/13/2017,"5,294","5,856","5,291","5,556"
09/30/2022,"19,483","20,131","19,198","19,420"
09/30/2022,"19,483","20,131","19,198","19,420"
09/30/2021,"41,133","44,110","40,984","43,432"
09/30/2020,"10,761","10,865","10,675","10,711"
09/30/2019,"8,022","8,362","7,741","8,246"
09/30/2018,"6,581","6,639","6,528","6,562"
09/29/2022,"19,574","19,726","18,825","19,483"
09/29/2021,"41,792","42,538","40,806","41,114"
09/29/2020,"10,871","10,892","10,647","10,761"
09/29/2019,"8,182","8,338","7,940","8,023"
09/29/2018,"6,646","6,652","6,467","6,580"
09/28/2022,"19,055","19,623","18,506","19,565"
09/28/2021,"42,708","43,364","41,145","41,792"
09/28/2020,"10,727","10,948","10,712","10,871"
09/28/2019,"8,074","8,279","8,041","8,182"
09/28/2018,"6,696","6,794","6,536","6,646"
09/27/2022,"19,121","20,366","18,854","19,055"
09/27/2021,"43,607","44,318","42,689","42,696"
09/27/2020,"10,721","10,802","10,609","10,727"
09/27/2019,"8,104","8,143","7,887","8,074"
09/27/2018,"6,501","6,731","6,432","6,696"
09/26/2022,"18,888","19,288","18,662","19,135"
09/26/2021,"42,719","43,695","40,827","43,607"
09/26/2020,"10,713","10,798","10,661","10,720"
09/26/2019,"8,524","8,657","7,785","8,104"
09/26/2018,"6,387","6,540","6,373","6,501"
09/25/2022,"19,138","19,142","18,817","18,888"
09/25/2021,"43,001","43,162","41,750","42,719"
09/25/2020,"10,624","10,772","10,576","10,713"
09/25/2019,"8,589","8,798","8,252","8,528"
09/25/2018,"6,625","6,630","6,334","6,392"
09/24/2022,"18,852","19,386","18,813","19,138"
09/24/2021,"44,679","45,076","40,944","43,001"
09/24/2020,"10,216","10,705","10,204","10,637"
09/24/2019,"9,791","9,802","8,064","8,589"
09/24/2018,"6,677","6,719","6,576","6,628"
09/23/2022,"19,247","19,481","18,571","18,852"
09/23/2021,"43,445","44,932","43,051","44,679"
09/23/2020,"10,521","10,579","10,144","10,216"
09/23/2019,"10,016","10,082","9,725","9,793"
09/23/2018,"6,717","6,768","6,664","6,677"
09/22/2022,"18,918","19,470","18,189","19,247"
09/22/2021,"40,971","43,988","39,721","43,445"
09/22/2020,"10,479","10,539","10,379","10,520"
09/22/2019,"9,972","10,084","9,864","10,016"
09/22/2018,"6,717","6,824","6,631","6,717"
09/21/2022,"18,976","19,713","18,808","18,918"
09/21/2021,"43,489","43,904","40,391","40,971"
09/21/2020,"10,858","10,988","10,323","10,479"
09/21/2019,"10,145","10,189","9,965","9,972"
09/21/2018,"6,378","6,777","6,362","6,717"
09/20/2022,"19,520","19,663","18,803","18,970"
09/20/2021,"47,588","47,660","42,636","43,489"
09/20/2020,"11,093","11,093","10,782","10,861"
09/20/2019,"10,267","10,317","10,099","10,145"
09/20/2018,"6,425","6,450","6,352","6,373"
09/19/2022,"19,721","19,721","18,397","19,520"
09/19/2021,"48,008","48,359","47,182","47,588"
09/19/2020,"10,900","11,164","10,892","11,093"
09/19/2019,"10,202","10,372","9,710","10,267"
09/19/2018,"6,318","6,494","6,117","6,425"
09/18/2022,"20,081","20,147","19,597","19,721"
09/18/2021,"47,028","48,797","46,828","48,008"
09/18/2020,"10,938","11,040","10,833","10,900"
09/18/2019,"10,260","10,269","10,105","10,202"
09/18/2018,"6,219","6,382","6,216","6,316"
09/17/2022,"19,743","20,178","19,705","20,081"
09/17/2021,"47,102","48,167","46,775","47,028"
09/17/2020,"11,000","11,058","10,765","10,938"
09/17/2019,"10,223","10,354","10,149","10,271"
09/17/2018,"6,501","6,529","6,211","6,221"
09/16/2022,"19,836","19,896","19,360","19,743"
09/16/2021,"47,941","48,497","47,063","47,102"
09/16/2020,"10,870","11,101","10,681","11,000"
09/16/2019,"10,284","10,380","10,108","10,212"
09/16/2018,"6,532","6,532","6,383","6,501"
09/15/2022,"19,948","20,376","19,555","19,836"
09/15/2021,"46,828","48,436","46,418","47,948"
09/15/2020,"10,697","10,944","10,634","10,870"
09/15/2019,"10,425","10,445","10,276","10,284"
09/15/2018,"6,537","6,567","6,353","6,532"
09/14/2022,"20,254","20,487","19,646","19,948"
09/14/2021,"45,186","46,926","44,724","46,828"
09/14/2020,"10,324","10,752","10,262","10,694"
09/14/2019,"10,268","10,428","10,260","10,425"
09/14/2018,"6,467","6,580","6,415","6,537"
09/13/2022,"22,396","22,733","20,079","20,254"
09/13/2021,"45,023","46,697","43,561","45,144"
09/13/2020,"10,446","10,586","10,231","10,324"
09/13/2019,"10,337","10,470","10,173","10,268"
09/13/2018,"6,308","6,524","6,298","6,467"
08/31/2022,"19,975","20,476","19,763","20,207"
08/31/2021,"48,670","48,679","46,725","46,996"
08/31/2020,"11,643","11,785","11,580","11,683"
08/31/2019,"9,635","9,656","9,466","9,505"
08/31/2018,"6,913","7,084","6,899","7,044"
08/30/2022,"20,188","20,567","19,583","19,975"
08/30/2021,"48,927","49,394","47,500","48,670"
08/30/2020,"11,528","11,694","11,477","11,643"
08/30/2019,"9,530","9,687","9,370","9,638"
08/30/2018,"7,039","7,064","6,801","6,911"
08/29/2022,"19,999","20,379","19,544","20,188"
08/29/2021,"48,760","49,605","47,922","48,897"
08/29/2020,"11,500","11,591","11,448","11,528"
08/29/2019,"9,672","9,752","9,345","9,530"
08/29/2018,"7,082","7,120","6,922","7,039"
08/28/2022,"20,000","20,152","19,836","19,999"
08/28/2021,"48,913","49,306","48,405","48,760"
08/28/2020,"11,271","11,553","11,258","11,500"
08/28/2019,"10,144","10,281","9,599","9,673"
08/28/2018,"6,721","7,125","6,715","7,082"
08/27/2022,"20,657","20,683","19,873","20,000"
08/27/2021,"47,048","49,076","46,383","48,946"
08/27/2020,"11,499","11,573","11,152","11,272"
08/27/2019,"10,270","10,400","10,033","10,144"
08/27/2018,"6,678","6,750","6,658","6,721"
08/26/2022,"21,647","21,795","20,565","20,667"
08/26/2021,"48,721","49,372","46,444","47,048"
08/26/2020,"11,275","11,542","11,270","11,499"
08/26/2019,"10,001","10,645","9,936","10,268"
08/26/2018,"6,719","6,774","6,579","6,677"
08/25/2022,"21,693","21,806","21,306","21,647"
08/25/2021,"48,364","49,147","47,193","48,748"
08/25/2020,"11,743","11,792","11,150","11,272"
08/25/2019,"10,105","10,329","9,972","10,003"
08/25/2018,"6,612","6,934","6,611","6,720"
08/24/2022,"21,489","21,879","21,173","21,697"
08/24/2021,"49,525","49,852","47,856","48,364"
08/24/2020,"11,674","11,832","11,609","11,743"
08/24/2019,"10,365","10,454","9,913","10,105"
08/24/2018,"6,419","6,643","6,419","6,612"
08/23/2022,"21,126","21,597","20,925","21,489"
08/23/2021,"48,425","50,478","48,315","49,509"
08/23/2020,"11,616","11,724","11,537","11,680"
08/23/2019,"10,186","10,460","10,064","10,357"
08/23/2018,"6,334","6,482","6,257","6,419"
08/22/2022,"21,520","21,688","20,958","21,107"
08/22/2021,"49,070","49,466","48,225","48,425"
08/22/2020,"11,625","11,658","11,395","11,616"
08/22/2019,"10,156","10,230","9,779","10,186"
08/22/2018,"6,452","6,859","6,317","6,334"
08/21/2022,"20,856","21,723","20,813","21,520"
08/21/2021,"48,653","49,799","48,374","48,988"
08/21/2020,"11,871","11,899","11,624","11,634"
08/21/2019,"10,707","10,849","9,891","10,162"
08/21/2018,"6,454","6,480","6,239","6,447"
08/20/2022,"21,278","21,361","20,820","20,856"
08/20/2021,"46,587","48,993","46,361","48,653"
08/20/2020,"11,733","11,896","11,697","11,871"
08/20/2019,"10,685","10,957","10,582","10,707"
08/20/2018,"6,519","6,543","6,393","6,452"
08/19/2022,"23,413","23,426","21,189","21,278"
08/19/2021,"44,593","46,831","44,016","46,568"
08/19/2020,"12,035","12,103","11,630","11,728"
08/19/2019,"10,370","10,836","10,276","10,677"
08/19/2018,"6,359","6,534","6,317","6,519"
08/18/2022,"23,408","23,577","23,236","23,417"
08/18/2021,"45,017","45,965","44,283","44,593"
08/18/2020,"12,331","12,413","11,875","12,035"
08/18/2019,"10,080","10,511","10,079","10,370"
08/18/2018,"6,476","6,610","6,310","6,359"
08/17/2022,"23,973","24,447","23,206","23,408"
08/17/2021,"46,065","47,140","44,601","45,017"
08/17/2020,"11,857","12,466","11,779","12,329"
08/17/2019,"10,398","10,487","10,027","10,074"
08/17/2018,"6,256","6,551","6,234","6,476"
08/16/2022,"24,070","24,253","23,669","23,973"
08/16/2021,"46,750","48,047","45,728","46,065"
08/16/2020,"11,876","11,981","11,716","11,857"
08/16/2019,"10,380","10,549","9,775","10,398"
08/16/2018,"6,377","6,471","6,223","6,254"
08/15/2022,"24,320","25,199","23,912","24,070"
08/15/2021,"46,665","47,349","45,615","46,750"
08/15/2020,"11,777","11,987","11,731","11,876"
08/15/2019,"10,177","10,398","9,517","10,374"
08/15/2018,"6,081","6,613","6,073","6,373"
08/14/2022,"24,505","24,992","24,178","24,327"
08/14/2021,"47,545","48,103","46,201","46,665"
08/14/2020,"11,621","11,864","11,621","11,777"
08/14/2019,"10,889","10,901","10,070","10,177"
08/14/2018,"6,277","6,283","5,900","6,081"
08/13/2022,"24,235","24,886","24,090","24,505"
08/13/2021,"44,440","47,775","43,912","47,545"
08/13/2020,"11,575","11,655","11,291","11,640"
08/13/2019,"11,428","11,442","10,778","10,898"
08/13/2018,"6,339","6,535","6,165","6,277"
07/31/2022,"23,979","24,164","23,439","23,804"
07/31/2021,"40,860","42,247","40,693","41,516"
07/31/2020,"11,152","11,462","10,981","11,359"
07/31/2019,"9,533","10,091","9,530","10,033"
07/31/2018,"8,152","8,195","7,672","7,692"
07/30/2022,"23,952","24,613","23,704","23,979"
07/30/2021,"39,722","41,290","38,389","40,860"
07/30/2020,"11,219","11,335","10,871","11,155"
07/30/2019,"9,516","9,726","9,390","9,533"
07/30/2018,"8,192","8,271","7,860","8,151"
07/29/2022,"24,012","24,310","23,486","23,952"
07/29/2021,"40,068","40,630","39,337","39,722"
07/29/2020,"10,982","11,290","10,855","11,230"
07/29/2019,"9,512","9,705","9,124","9,517"
07/29/2018,"8,169","8,283","8,124","8,192"
07/28/2022,"22,795","24,167","22,586","24,012"
07/28/2021,"38,000","40,830","37,988","40,068"
07/28/2020,"10,889","11,387","10,595","10,982"
07/28/2019,"9,444","9,556","9,334","9,512"
07/28/2018,"8,228","8,267","8,074","8,169"
07/27/2022,"20,964","23,026","20,834","22,795"
07/27/2021,"37,598","38,732","36,453","38,000"
07/27/2020,"9,893","10,906","9,882","10,862"
07/27/2019,"9,832","10,183","9,330","9,449"
07/27/2018,"8,138","8,270","7,799","8,229"
07/26/2022,"22,166","22,176","20,753","20,964"
07/26/2021,"34,481","40,502","34,455","37,598"
07/26/2020,"9,729","10,128","9,670","9,893"
07/26/2019,"9,875","9,940","9,668","9,839"
07/26/2018,"8,181","8,317","8,113","8,134"
07/25/2022,"22,749","23,007","21,582","22,166"
07/25/2021,"33,919","34,800","33,851","34,481"
07/25/2020,"9,629","9,742","9,538","9,734"
07/25/2019,"9,676","10,183","9,667","9,873"
07/25/2018,"8,227","8,479","8,062","8,183"
07/24/2022,"22,319","22,876","22,242","22,749"
07/24/2021,"32,477","34,518","32,476","33,919"
07/24/2020,"9,594","9,634","9,482","9,629"
07/24/2019,"10,145","10,145","9,550","9,685"
07/24/2018,"7,703","8,343","7,694","8,227"
07/23/2022,"22,603","22,999","21,978","22,319"
07/23/2021,"32,257","32,879","32,038","32,477"
07/23/2020,"9,380","9,674","9,376","9,594"
07/23/2019,"10,323","10,382","9,884","10,163"
07/23/2018,"7,520","7,785","7,344","7,703"
07/22/2022,"23,134","23,689","22,532","22,603"
07/22/2021,"31,864","32,597","31,716","32,257"
07/22/2020,"9,382","9,402","9,305","9,380"
07/22/2019,"10,504","10,664","10,076","10,323"
07/22/2018,"7,416","7,544","7,351","7,520"
07/21/2022,"23,305","23,780","22,376","23,134"
07/21/2021,"29,864","32,800","29,513","31,864"
07/21/2020,"9,178","9,440","9,155","9,382"
07/21/2019,"10,933","11,082","10,335","10,509"
07/21/2018,"7,351","7,442","7,217","7,416"
07/20/2022,"23,308","24,258","22,925","23,305"
07/20/2021,"30,793","31,004","29,336","29,864"
07/20/2020,"9,176","9,225","9,149","9,178"
07/20/2019,"10,519","10,989","10,411","10,929"
07/20/2018,"7,421","7,657","7,273","7,352"
07/19/2022,"21,514","23,660","21,456","23,308"
07/19/2021,"31,663","31,920","30,568","30,793"
07/19/2020,"9,185","9,192","9,119","9,176"
07/19/2019,"10,613","10,766","10,166","10,509"
07/19/2018,"7,336","7,506","7,285","7,421"
07/18/2022,"20,938","22,725","20,756","21,514"
07/18/2021,"31,755","32,404","31,159","31,663"
07/18/2020,"9,159","9,208","9,131","9,185"
07/18/2019,"9,692","10,733","9,300","10,609"
07/18/2018,"7,311","7,575","7,245","7,336"
07/17/2022,"21,165","21,645","20,853","20,938"
07/17/2021,"31,850","31,932","31,224","31,755"
07/17/2020,"9,104","9,185","8,608","9,159"
07/17/2019,"9,591","9,964","9,083","9,692"
07/17/2018,"6,663","7,440","6,647","7,311"
07/16/2022,"20,925","21,561","20,481","21,165"
07/16/2021,"31,748","32,233","31,085","31,850"
07/16/2020,"9,216","9,231","9,051","9,103"
07/16/2019,"10,805","11,051","9,514","9,597"
07/16/2018,"6,374","6,698","6,332","6,663"
07/15/2022,"20,660","21,181","20,384","20,925"
07/15/2021,"32,811","33,162","31,174","31,748"
07/15/2020,"9,272","9,277","9,170","9,216"
07/15/2019,"10,639","10,937","9,906","10,805"
07/15/2018,"6,273","6,384","6,234","6,373"
07/14/2022,"19,663","20,835","19,642","20,660"
07/14/2021,"32,519","33,066","31,628","32,811"
07/14/2020,"9,256","9,278","9,135","9,272"
07/14/2019,"10,908","11,437","10,322","10,647"
07/14/2018,"6,186","6,306","6,184","6,274"
07/13/2023,"30,342","31,638","30,279","31,377"
07/13/2022,"19,434","20,013","18,975","19,663"
07/13/2021,"32,833","33,315","32,239","32,519"
07/13/2020,"9,239","9,332","9,210","9,256"
07/13/2019,"11,901","11,919","10,856","10,908"
07/13/2018,"6,173","6,331","6,088","6,186"
06/30/2023,"30,408","31,234","29,637","30,379"
06/30/2022,"20,188","20,314","18,669","18,731"
06/30/2021,"36,156","36,301","34,075","34,585"
06/30/2020,"9,179","9,231","9,069","9,150"
06/30/2019,"12,162","12,208","10,861","11,413"
06/30/2018,"5,897","6,503","5,897","6,350"
06/29/2023,"30,104","30,880","30,043","30,408"
06/29/2022,"20,253","20,414","19,885","20,171"
06/29/2021,"34,682","36,548","34,142","36,156"
06/29/2020,"9,111","9,192","9,034","9,178"
06/29/2019,"12,205","12,426","11,386","12,162"
06/29/2018,"6,043","6,046","5,800","5,902"
06/28/2023,"30,656","30,735","29,922","30,104"
06/28/2022,"20,900","21,174","20,198","20,253"
06/28/2021,"32,648","35,224","32,493","34,721"
06/28/2020,"8,957","9,189","8,945","9,111"
06/28/2019,"10,680","12,382","10,500","12,216"
06/28/2018,"6,127","6,176","6,033","6,042"
06/27/2023,"30,170","30,990","30,102","30,656"
06/27/2022,"21,390","21,490","20,553","20,900"
06/27/2021,"31,315","33,555","30,968","32,648"
06/27/2020,"9,201","9,212","8,859","8,957"
06/27/2019,"12,740","13,297","10,333","10,680"
06/27/2018,"6,183","6,246","6,007","6,127"
06/26/2023,"30,377","30,622","29,944","30,170"
06/26/2022,"21,222","21,857","21,138","21,390"
06/26/2021,"32,212","32,638","30,190","31,329"
06/26/2020,"9,277","9,333","9,053","9,201"
06/26/2019,"11,380","13,814","11,372","12,796"
06/26/2018,"6,250","6,271","6,137","6,183"
06/25/2023,"30,510","31,041","30,319","30,377"
06/25/2022,"21,194","21,524","20,916","21,222"
06/25/2021,"34,858","35,496","31,508","32,212"
06/25/2020,"9,296","9,320","9,018","9,278"
06/25/2019,"10,878","11,482","10,868","11,380"
06/25/2018,"6,188","6,317","6,086","6,250"
06/24/2023,"30,937","30,937","30,295","30,510"
06/24/2022,"20,797","21,351","20,676","21,194"
06/24/2021,"33,066","35,228","32,364","34,857"
06/24/2020,"9,635","9,669","9,216","9,296"
06/24/2019,"11,063","11,283","10,565","10,878"
06/24/2018,"6,135","6,252","5,785","6,188"
06/23/2023,"30,144","31,383","29,845","30,937"
06/23/2022,"19,898","21,023","19,827","20,802"
06/23/2021,"32,895","34,789","31,772","33,066"
06/23/2020,"9,640","9,752","9,579","9,644"
06/23/2019,"10,642","11,122","10,401","11,081"
06/23/2018,"6,073","6,174","5,938","6,134"
06/22/2023,"29,936","30,449","29,665","30,144"
06/22/2022,"20,836","20,979","19,781","19,898"
06/22/2021,"32,622","33,240","29,002","32,895"
06/22/2020,"9,313","9,655","9,278","9,640"
06/22/2019,"9,938","11,195","9,871","10,646"
06/22/2018,"6,718","6,742","6,022","6,073"
06/21/2023,"28,158","30,688","28,091","29,936"
06/21/2022,"20,444","21,664","20,257","20,836"
06/21/2021,"35,853","35,905","31,822","32,622"
06/21/2020,"9,319","9,405","9,301","9,313"
06/21/2019,"9,566","9,941","9,491","9,941"
06/21/2018,"6,750","6,786","6,685","6,718"
06/20/2023,"26,701","28,203","26,646","28,158"
06/20/2022,"20,501","20,940","19,840","20,444"
06/20/2021,"36,193","36,193","33,400","35,853"
06/20/2020,"9,317","9,347","9,211","9,319"
06/20/2019,"9,174","9,604","9,150","9,566"
06/20/2018,"6,696","6,809","6,562","6,750"
06/19/2023,"26,463","26,982","26,308","26,711"
06/19/2022,"17,727","20,635","17,727","20,501"
06/19/2021,"35,493","36,396","34,888","36,193"
06/19/2020,"9,349","9,417","9,237","9,316"
06/19/2019,"9,132","9,214","8,962","9,174"
06/19/2018,"6,727","6,825","6,675","6,695"
06/18/2023,"26,532","26,675","26,380","26,463"
06/18/2022,"20,618","20,723","17,630","17,727"
06/18/2021,"37,752","38,186","35,204","35,493"
06/18/2020,"9,373","9,476","9,318","9,349"
06/18/2019,"9,283","9,463","8,949","9,135"
06/18/2018,"6,490","6,793","6,388","6,727"
06/17/2023,"26,382","26,751","26,185","26,531"
06/17/2022,"20,683","21,268","20,219","20,627"
06/17/2021,"38,550","39,510","37,448","37,752"
06/17/2020,"9,499","9,553","9,255","9,379"
06/17/2019,"8,944","9,403","8,937","9,287"
06/17/2018,"6,525","6,569","6,449","6,490"
06/16/2023,"25,534","26,446","25,222","26,382"
06/16/2022,"21,693","22,899","20,522","20,683"
06/16/2021,"39,943","40,473","38,364","38,550"
06/16/2020,"9,483","9,594","9,383","9,499"
06/16/2019,"8,800","9,386","8,780","8,942"
06/16/2018,"6,498","6,540","6,334","6,525"
06/15/2023,"24,941","25,471","24,801","25,439"
06/15/2022,"21,992","22,229","20,111","21,685"
06/15/2021,"39,836","41,289","39,612","39,949"
06/15/2020,"9,384","9,484","8,927","9,484"
06/15/2019,"8,449","8,889","8,449","8,800"
06/15/2018,"6,656","6,683","6,452","6,498"
06/14/2023,"25,860","26,044","24,900","24,941"
06/14/2022,"23,238","23,329","20,889","21,992"
06/14/2021,"40,926","40,926","39,382","39,809"
06/14/2020,"9,408","9,478","9,336","9,384"
06/14/2019,"8,263","8,461","8,184","8,449"
06/14/2018,"6,259","6,700","6,241","6,659"
06/13/2023,"25,886","26,343","25,742","25,860"
06/13/2022,"27,383","27,513","22,617","23,251"
06/13/2021,"36,041","38,830","34,982","38,830"
06/13/2020,"9,457","9,492","9,366","9,407"
06/13/2019,"8,119","8,287","8,076","8,267"
06/13/2018,"6,529","6,610","6,133","6,252"
05/31/2023,"27,777","27,837","26,884","27,120"
05/31/2022,"31,271","32,324","31,206","31,757"
05/31/2021,"36,080","37,465","34,230","36,677"
05/31/2020,"9,439","9,728","9,437","9,504"
05/31/2019,"8,455","8,508","8,047","8,501"
05/31/2018,"7,338","7,599","7,324","7,539"
05/30/2023,"27,680","28,019","27,573","27,777"
05/30/2022,"29,162","31,302","29,153","31,271"
05/30/2021,"34,266","36,354","33,554","36,115"
05/30/2020,"9,417","9,594","9,337","9,439"
05/30/2019,"8,655","9,090","8,413","8,455"
05/30/2018,"7,499","7,552","7,286","7,338"
05/29/2023,"27,552","28,419","27,537","27,680"
05/29/2022,"28,996","29,428","28,824","29,162"
05/29/2021,"35,260","37,236","33,687","34,266"
05/29/2020,"9,451","9,614","9,348","9,417"
05/29/2019,"8,701","8,767","8,468","8,656"
05/29/2018,"7,218","7,519","7,054","7,499"
05/28/2023,"26,759","27,661","26,747","27,552"
05/28/2022,"28,739","29,222","28,524","28,996"
05/28/2021,"38,476","39,189","35,201","35,245"
05/28/2020,"9,165","9,518","9,062","9,453"
05/28/2019,"8,756","8,849","8,579","8,701"
05/28/2018,"7,313","7,431","7,177","7,220"
05/27/2023,"26,752","26,832","26,629","26,759"
05/27/2022,"29,447","29,643","28,256","28,739"
05/27/2021,"38,756","40,401","37,266","38,476"
05/27/2020,"8,867","9,216","8,810","9,163"
05/27/2019,"8,622","8,938","8,552","8,752"
05/27/2018,"7,526","7,607","7,227","7,313"
05/26/2023,"26,481","26,913","26,338","26,752"
05/26/2022,"29,762","29,842","28,158","29,447"
05/26/2021,"37,656","40,859","37,526","38,731"
05/26/2020,"8,917","9,005","8,723","8,867"
05/26/2019,"8,035","8,762","7,891","8,622"
05/26/2018,"7,448","7,612","7,363","7,526"
05/25/2023,"26,443","26,614","25,924","26,481"
05/25/2022,"29,429","30,175","29,345","29,762"
05/25/2021,"39,067","39,845","36,553","37,656"
05/25/2020,"9,006","9,080","8,679","8,917"
05/25/2019,"8,110","8,147","7,950","8,035"
05/25/2018,"7,549","7,650","7,345","7,448"
05/24/2023,"27,216","27,241","26,111","26,443"
05/24/2022,"29,289","29,544","28,665","29,429"
05/24/2021,"33,791","39,831","33,715","38,999"
05/24/2020,"9,235","9,300","8,861","9,006"
05/24/2019,"7,869","8,170","7,800","8,106"
05/24/2018,"7,588","7,722","7,273","7,555"
05/23/2023,"26,895","27,429","26,802","27,216"
05/23/2022,"29,910","30,615","29,054","29,289"
05/23/2021,"38,093","38,397","31,228","33,791"
05/23/2020,"9,191","9,308","9,100","9,235"
05/23/2019,"7,834","7,864","7,496","7,854"
05/23/2018,"8,106","8,108","7,443","7,581"
05/22/2023,"26,855","27,048","26,555","26,895"
05/22/2022,"29,380","30,259","29,254","29,910"
05/22/2021,"35,250","38,800","33,623","38,086"
05/22/2020,"9,075","9,263","8,946","9,191"
05/22/2019,"8,076","8,102","7,712","7,834"
05/22/2018,"8,409","8,417","8,093","8,106"
05/21/2023,"27,027","27,255","26,819","26,855"
05/21/2022,"29,121","29,597","28,949","29,380"
05/21/2021,"40,108","42,124","35,263","35,263"
05/21/2020,"9,592","9,594","8,819","9,075"
05/21/2019,"7,984","8,110","7,823","8,076"
05/21/2018,"8,554","8,566","8,325","8,409"
05/20/2023,"26,836","27,159","26,836","27,027"
05/20/2022,"30,214","30,700","28,714","29,121"
05/20/2021,"38,468","42,569","35,132","40,108"
05/20/2020,"9,698","9,832","9,380","9,592"
05/20/2019,"8,025","8,283","7,591","7,984"
05/20/2018,"8,266","8,583","8,172","8,555"
05/19/2023,"26,741","27,139","26,642","26,836"
05/19/2022,"29,205","30,483","28,637","30,214"
05/19/2021,"43,367","43,569","30,445","38,390"
05/19/2020,"9,684","9,882","9,478","9,698"
05/19/2019,"7,294","8,129","7,247","8,023"
05/19/2018,"8,227","8,393","8,154","8,275"
05/18/2023,"27,339","27,465","26,397","26,741"
05/18/2022,"30,081","30,664","28,749","29,205"
05/18/2021,"44,853","45,816","42,539","43,318"
05/18/2020,"9,741","9,924","9,509","9,684"
05/18/2019,"7,129","7,491","7,129","7,293"
05/18/2018,"8,206","8,274","7,931","8,225"
05/17/2023,"26,959","27,449","26,587","27,339"
05/17/2022,"29,880","30,721","29,465","30,081"
05/17/2021,"44,062","46,552","42,162","44,843"
05/17/2020,"9,378","9,867","9,337","9,741"
05/17/2019,"7,749","7,948","6,689","7,131"
05/17/2018,"8,294","8,459","8,133","8,206"
05/16/2023,"27,355","27,388","26,890","26,959"
05/16/2022,"30,991","31,346","29,179","29,880"
05/16/2021,"48,266","49,812","43,893","44,062"
05/16/2020,"9,225","9,576","9,212","9,385"
05/16/2019,"8,152","8,354","7,747","7,749"
05/16/2018,"8,524","8,539","8,110","8,294"
05/15/2023,"26,949","27,652","26,761","27,355"
05/15/2022,"29,370","31,061","29,345","30,991"
05/15/2021,"49,351","50,661","47,128","48,255"
05/15/2020,"9,656","9,847","9,177","9,225"
05/15/2019,"7,722","8,243","7,639","8,152"
05/15/2018,"8,816","8,844","8,435","8,529"
05/14/2023,"26,997","27,227","26,715","26,949"
05/14/2022,"29,800","30,079","28,661","29,370"
05/14/2021,"49,253","51,543","48,528","49,351"
05/14/2020,"9,312","9,936","9,281","9,655"
05/14/2019,"7,844","8,278","7,638","7,709"
05/14/2018,"8,715","8,879","8,296","8,842"
05/13/2023,"26,451","27,082","26,451","26,998"
05/13/2022,"28,572","30,994","27,968","29,800"
05/13/2021,"54,540","54,820","46,710","49,253"
05/13/2020,"8,831","9,331","8,751","9,312"
05/13/2019,"7,162","7,919","6,877","7,832"
05/13/2018,"8,436","8,734","8,343","8,711"
04/30/2023,"29,296","30,006","29,156","29,348"
04/30/2022,"38,559","38,776","38,201","38,332"
04/30/2021,"52,991","57,295","52,871","56,803"
04/30/2020,"8,918","9,448","8,446","8,830"
04/30/2019,"5,240","5,389","5,209","5,351"
04/30/2018,"9,293","9,443","9,125","9,275"
04/29/2023,"29,350","29,537","29,123","29,296"
04/29/2022,"39,928","39,989","38,213","38,559"
04/29/2021,"54,456","55,191","52,408","53,006"
04/29/2020,"7,745","8,970","7,724","8,918"
04/29/2019,"5,237","5,295","5,182","5,240"
04/29/2018,"9,365","9,537","9,183","9,294"
04/28/2023,"29,596","29,782","28,934","29,350"
04/28/2022,"39,095","40,338","38,877","39,928"
04/28/2021,"55,180","56,369","53,913","54,456"
04/28/2020,"7,712","7,789","7,669","7,744"
04/28/2019,"5,281","5,320","5,226","5,238"
04/28/2018,"8,976","9,419","8,874","9,365"
04/27/2023,"28,289","29,856","28,152","29,596"
04/27/2022,"38,128","39,451","37,746","39,095"
04/27/2021,"53,297","55,289","52,689","55,067"
04/27/2020,"7,603","7,750","7,603","7,708"
04/27/2019,"5,189","5,294","5,188","5,280"
04/27/2018,"9,108","9,372","8,964","8,973"
04/26/2023,"27,991","29,963","27,419","28,289"
04/26/2022,"40,140","40,748","37,757","38,128"
04/26/2021,"48,065","54,363","47,110","53,297"
04/26/2020,"7,600","7,700","7,535","7,603"
04/26/2019,"5,508","5,512","5,034","5,189"
04/26/2018,"9,074","9,172","8,661","9,108"
04/25/2023,"27,434","28,043","27,183","27,991"
04/25/2022,"39,539","40,316","38,292","40,140"
04/25/2021,"50,955","51,113","48,075","48,075"
04/25/2020,"7,503","7,602","7,499","7,600"
04/25/2019,"5,449","5,525","5,384","5,508"
04/25/2018,"9,451","9,747","8,734","9,074"
04/24/2023,"27,509","27,985","27,039","27,434"
04/24/2022,"39,794","39,937","39,046","39,539"
04/24/2021,"50,556","51,215","48,821","50,955"
04/24/2020,"7,557","7,609","7,416","7,531"
04/24/2019,"5,587","5,632","5,390","5,449"
04/24/2018,"8,932","9,459","8,914","9,451"
04/23/2023,"27,798","28,003","27,489","27,509"
04/23/2022,"39,597","39,974","39,331","39,794"
04/23/2021,"51,597","52,220","47,657","50,620"
04/23/2020,"7,138","7,690","7,042","7,536"
04/23/2019,"5,381","5,622","5,372","5,587"
04/23/2018,"8,894","8,987","8,762","8,930"
04/22/2023,"27,299","27,871","27,263","27,798"
04/22/2022,"40,647","40,842","39,214","39,597"
04/22/2021,"55,029","55,410","51,515","51,843"
04/22/2020,"6,857","7,164","6,856","7,115"
04/22/2019,"5,253","5,437","5,247","5,381"
04/22/2018,"8,773","9,010","8,754","8,887"
04/21/2023,"28,196","28,352","27,213","27,299"
04/21/2022,"41,435","42,949","40,647","40,647"
04/21/2021,"56,781","57,079","54,346","55,029"
04/21/2020,"6,897","6,906","6,779","6,891"
04/21/2019,"5,326","5,349","5,238","5,253"
04/21/2018,"8,522","9,021","8,512","8,773"
04/20/2023,"29,269","29,269","28,068","28,196"
04/20/2022,"41,300","42,202","40,935","41,435"
04/20/2021,"56,175","57,035","53,463","56,852"
04/20/2020,"7,151","7,222","6,851","6,866"
04/20/2019,"5,276","5,370","5,263","5,326"
04/20/2018,"8,234","8,555","8,221","8,522"
04/19/2023,"30,403","30,405","29,123","29,269"
04/19/2022,"40,665","41,750","40,609","41,300"
04/19/2021,"56,231","57,554","54,305","56,175"
04/19/2020,"7,223","7,250","7,070","7,152"
04/19/2019,"5,314","5,356","5,211","5,276"
04/19/2018,"8,188","8,294","8,105","8,234"
04/18/2023,"29,478","30,454","29,171","30,403"
04/18/2022,"40,295","40,911","38,639","40,665"
04/18/2021,"60,843","60,966","51,907","56,239"
04/18/2020,"7,087","7,279","7,068","7,223"
04/18/2019,"5,234","5,320","5,219","5,314"
04/18/2018,"7,915","8,212","7,867","8,188"
04/17/2023,"30,339","30,410","29,292","29,474"
04/17/2022,"40,356","40,712","39,927","40,295"
04/17/2021,"61,977","62,490","59,747","60,843"
04/17/2020,"7,046","7,136","7,009","7,062"
04/17/2019,"5,197","5,274","5,191","5,235"
04/17/2018,"7,990","8,151","7,834","7,913"
04/16/2023,"30,375","30,606","30,236","30,339"
04/16/2022,"40,404","40,657","40,044","40,356"
04/16/2021,"63,381","63,769","60,081","61,962"
04/16/2020,"6,756","7,145","6,635","7,046"
04/16/2019,"5,031","5,232","5,016","5,195"
04/16/2018,"8,287","8,408","7,909","7,990"
04/15/2023,"30,442","30,691","30,312","30,375"
04/15/2022,"39,896","40,727","39,807","40,409"
04/15/2021,"62,403","63,649","62,034","63,381"
04/15/2020,"6,872","6,935","6,696","6,756"
04/15/2019,"5,102","5,198","4,965","5,031"
04/15/2018,"8,072","8,389","7,967","8,287"
04/14/2023,"30,311","30,976","30,052","30,442"
04/14/2022,"41,245","41,476","39,626","39,896"
04/14/2021,"63,196","64,788","61,368","62,357"
04/14/2020,"6,763","6,983","6,763","6,872"
04/14/2019,"5,094","5,120","5,037","5,102"
04/14/2018,"7,902","8,175","7,813","8,072"
04/13/2023,"29,963","30,557","29,818","30,311"
04/13/2022,"39,536","41,499","39,498","41,245"
04/13/2021,"60,000","63,621","59,783","63,196"
04/13/2020,"7,143","7,143","6,628","6,827"
04/13/2019,"5,053","5,129","5,053","5,094"
04/13/2018,"7,730","8,219","7,711","7,893"
03/31/2023,"28,164","28,654","27,554","28,392"
03/31/2022,"47,232","47,573","45,542","45,760"
03/31/2021,"58,671","59,831","57,054","58,932"
03/31/2020,"6,478","6,575","6,350","6,482"
03/31/2019,"4,105","4,128","4,103","4,119"
03/31/2018,"6,912","7,214","6,760","6,926"
03/30/2023,"28,385","29,140","27,770","28,154"
03/30/2022,"47,470","47,705","46,645","47,232"
03/30/2021,"57,250","59,408","57,078","58,671"
03/30/2020,"5,955","6,497","5,867","6,472"
03/30/2019,"4,103","4,156","4,078","4,105"
03/30/2018,"7,069","7,324","6,594","6,912"
03/29/2023,"27,323","28,612","27,129","28,385"
03/29/2022,"47,944","48,103","47,002","47,406"
03/29/2021,"54,863","58,335","54,830","57,176"
03/29/2020,"6,263","6,274","5,881","5,954"
03/29/2019,"4,037","4,129","4,034","4,103"
03/29/2018,"7,871","8,000","6,916","6,846"
03/28/2023,"27,041","27,492","26,674","27,329"
03/28/2022,"46,105","48,174","45,912","47,944"
03/28/2021,"55,909","56,616","54,740","54,863"
03/28/2020,"6,681","6,703","6,045","6,263"
03/28/2019,"4,033","4,060","4,019","4,037"
03/28/2018,"7,998","8,096","7,745","7,871"
03/27/2023,"27,812","28,133","26,576","27,041"
03/27/2022,"44,608","46,402","44,289","46,073"
03/27/2021,"54,014","56,254","53,986","55,916"
03/27/2020,"6,739","6,842","6,588","6,679"
03/27/2019,"3,936","4,054","3,933","4,033"
03/27/2018,"7,885","8,252","7,751","7,997"
03/26/2023,"27,387","28,186","27,384","27,811"
03/26/2022,"44,600","44,801","44,131","44,608"
03/26/2021,"51,989","54,262","51,309","54,014"
03/26/2020,"6,598","6,772","6,550","6,739"
03/26/2019,"3,910","3,945","3,902","3,937"
03/26/2018,"8,622","8,646","7,863","7,885"
03/25/2023,"27,617","27,806","27,067","27,387"
03/25/2022,"43,914","45,097","43,641","44,564"
03/25/2021,"54,175","54,175","50,485","51,989"
03/25/2020,"6,751","6,967","6,489","6,597"
03/25/2019,"3,981","4,001","3,889","3,908"
03/25/2018,"8,679","8,701","8,381","8,620"
03/24/2023,"28,312","28,447","27,548","27,632"
03/24/2022,"42,350","44,215","42,276","43,914"
03/24/2021,"54,445","57,159","53,294","54,175"
03/24/2020,"6,413","6,831","6,377","6,751"
03/24/2019,"3,997","4,011","3,969","3,981"
03/24/2018,"8,655","9,000","8,633","8,679"
03/23/2023,"27,381","28,732","27,041","28,312"
03/23/2022,"42,611","42,863","41,809","42,350"
03/23/2021,"54,610","55,816","53,100","54,346"
03/23/2020,"5,934","6,614","5,730","6,408"
03/23/2019,"4,000","4,025","3,985","3,997"
03/23/2018,"8,613","8,766","8,296","8,655"
03/22/2023,"28,117","28,796","26,700","27,360"
03/22/2022,"41,186","43,253","40,915","42,611"
03/22/2021,"57,788","58,373","54,316","54,610"
03/22/2020,"6,336","6,450","5,812","5,934"
03/22/2019,"3,997","4,020","3,987","4,000"
03/22/2018,"8,920","9,085","8,495","8,626"
03/21/2023,"28,047","28,462","27,421","28,117"
03/21/2022,"41,308","41,514","40,550","41,186"
03/21/2021,"58,466","58,792","55,578","57,792"
03/21/2020,"5,964","6,376","5,897","6,343"
03/21/2019,"4,044","4,084","3,956","3,997"
03/21/2018,"8,994","9,160","8,613","8,613"
03/20/2023,"27,963","28,502","27,201","28,047"
03/20/2022,"42,256","42,366","40,966","41,308"
03/20/2021,"58,404","59,909","57,890","58,466"
03/20/2020,"6,241","6,891","5,690","5,968"
03/20/2019,"4,027","4,049","4,004","4,044"
03/20/2018,"8,381","9,035","8,324","8,920"
03/19/2023,"27,413","28,432","26,912","27,963"
03/19/2022,"41,849","42,374","41,564","42,256"
03/19/2021,"57,533","59,436","56,303","58,426"
03/19/2020,"5,339","6,365","5,267","6,241"
03/19/2019,"4,006","4,046","3,986","4,027"
03/19/2018,"8,271","8,994","8,068","8,994"
03/18/2023,"26,791","27,788","26,791","27,413"
03/18/2022,"40,723","42,296","40,228","41,849"
03/18/2021,"57,706","60,040","57,145","57,533"
03/18/2020,"5,474","5,524","5,031","5,338"
03/18/2019,"4,010","4,049","3,972","4,006"
03/18/2018,"7,950","8,381","7,336","8,381"
03/17/2023,"24,701","26,991","24,701","26,791"
03/17/2022,"41,252","41,444","40,612","40,717"
03/17/2021,"56,392","58,197","54,298","57,834"
03/17/2020,"4,904","5,502","4,882","5,474"
03/17/2019,"4,013","4,024","3,972","4,010"
03/17/2018,"8,502","8,522","7,756","7,951"
03/16/2023,"24,369","25,187","24,215","24,701"
03/16/2022,"39,452","41,649","38,980","41,252"
03/16/2021,"56,398","56,952","53,311","56,379"
03/16/2020,"5,188","5,959","4,461","4,904"
03/16/2019,"3,933","4,073","3,921","4,012"
03/16/2018,"8,303","8,600","7,924","8,504"
03/15/2023,"24,674","25,260","23,989","24,371"
03/15/2022,"38,737","39,864","38,184","39,416"
03/15/2021,"60,259","60,738","55,030","56,398"
03/15/2020,"5,354","5,583","5,074","5,187"
03/15/2019,"3,884","3,941","3,881","3,934"
03/15/2018,"8,019","8,413","7,677","8,508"
03/14/2023,"24,126","26,425","23,951","24,674"
03/14/2022,"38,692","39,275","37,624","38,737"
03/14/2021,"61,002","61,674","59,348","60,173"
03/14/2020,"5,436","5,766","5,224","5,354"
03/14/2019,"3,885","3,925","3,823","3,884"
03/14/2018,"9,101","9,313","7,955","8,019"
03/13/2023,"21,403","24,538","21,255","24,126"
03/13/2022,"39,103","39,237","38,424","38,677"
03/13/2021,"56,990","61,732","56,144","61,002"
03/13/2020,"5,747","6,029","3,966","5,435"
03/13/2019,"3,898","3,905","3,861","3,885"
03/13/2018,"9,104","9,475","8,861","8,308"
02/29/2020,"8,676","8,814","8,596","8,640"
02/28/2023,"23,386","23,613","23,056","23,159"
02/28/2022,"37,440","41,928","37,428","41,650"
02/28/2021,"46,844","46,859","43,197","45,255"
02/28/2020,"8,760","8,903","8,446","8,676"
02/28/2019,"3,781","3,916","3,775","3,836"
02/28/2018,"10,745","11,044","10,384","10,558"
02/27/2023,"23,564","23,869","23,172","23,386"
02/27/2022,"39,479","39,834","37,063","37,461"
02/27/2021,"45,680","48,321","45,118","46,844"
02/27/2020,"8,754","8,971","8,535","8,756"
02/27/2019,"3,825","3,860","3,704","3,781"
02/27/2018,"10,366","10,852","10,147","10,745"
02/26/2023,"22,951","23,677","22,931","23,565"
02/26/2022,"38,992","40,081","38,661","39,479"
02/26/2021,"48,199","48,821","44,246","45,621"
02/26/2020,"9,391","9,425","8,648","8,763"
02/26/2019,"3,844","3,866","3,799","3,825"
02/26/2018,"9,588","10,443","9,386","10,366"
02/25/2023,"23,131","23,241","22,802","22,951"
02/25/2022,"38,396","39,681","37,801","39,009"
02/25/2021,"48,720","52,054","48,119","48,199"
02/25/2020,"9,607","9,673","9,262","9,383"
02/25/2019,"3,819","3,894","3,763","3,844"
02/25/2018,"9,499","9,858","9,305","9,588"
02/24/2023,"23,897","24,118","22,934","23,131"
02/24/2022,"37,521","39,136","34,413","38,396"
02/24/2021,"48,084","51,337","47,039","48,720"
02/24/2020,"9,886","10,019","9,494","9,607"
02/24/2019,"4,142","4,217","3,757","3,818"
02/24/2018,"9,916","10,510","9,381","9,499"
02/23/2023,"23,804","24,592","23,623","23,897"
02/23/2022,"37,913","39,214","37,441","37,571"
02/23/2021,"54,919","55,032","45,212","48,016"
02/23/2020,"9,693","9,991","9,665","9,886"
02/23/2019,"3,979","4,184","3,949","4,142"
02/23/2018,"9,912","10,398","9,593","9,966"
02/22/2023,"24,183","24,468","23,604","23,804"
02/22/2022,"37,018","38,269","36,420","37,913"
02/22/2021,"57,332","57,616","48,034","54,919"
02/22/2020,"9,667","9,724","9,573","9,693"
02/22/2019,"3,935","3,995","3,922","3,979"
02/22/2018,"10,291","10,914","9,731","9,899"
02/21/2023,"24,762","25,147","24,183","24,183"
02/21/2022,"38,249","39,464","37,193","37,193"
02/21/2021,"56,523","58,315","54,040","57,332"
02/21/2020,"9,613","9,759","9,580","9,667"
02/21/2019,"3,951","4,027","3,908","3,935"
02/21/2018,"11,712","11,768","10,244","10,291"
02/20/2023,"24,544","25,098","23,896","24,762"
02/20/2022,"39,936","40,152","38,037","38,249"
02/20/2021,"55,493","57,485","55,101","56,501"
02/20/2020,"9,599","9,694","9,470","9,613"
02/20/2019,"3,920","3,992","3,900","3,952"
02/20/2018,"11,079","11,746","11,056","11,712"
02/19/2023,"24,624","25,175","24,308","24,544"
02/19/2022,"39,996","40,467","39,690","39,936"
02/19/2021,"52,051","56,211","50,880","55,493"
02/19/2020,"10,134","10,287","9,392","9,608"
02/19/2019,"3,889","4,006","3,870","3,918"
02/19/2018,"10,772","11,255","10,314","11,079"
02/18/2023,"24,593","24,839","24,116","24,624"
02/18/2022,"40,708","40,964","39,622","39,996"
02/18/2021,"52,333","52,524","51,023","52,059"
02/18/2020,"9,653","10,262","9,622","10,134"
02/18/2019,"3,623","3,939","3,620","3,890"
02/18/2018,"10,845","11,279","10,156","10,763"
02/17/2023,"24,520","24,987","23,382","24,593"
02/17/2022,"44,091","44,181","40,128","40,708"
02/17/2021,"48,607","52,619","48,590","52,333"
02/17/2020,"9,776","9,996","9,484","9,652"
02/17/2019,"3,631","3,697","3,596","3,628"
02/17/2018,"10,084","10,879","10,053","10,845"
02/16/2023,"24,173","25,193","24,145","24,520"
02/16/2022,"44,007","44,741","43,415","44,091"
02/16/2021,"48,183","50,513","47,186","48,642"
02/16/2020,"9,921","10,040","9,656","9,776"
02/16/2019,"3,599","3,647","3,596","3,631"
02/16/2018,"9,883","10,293","9,719","10,058"
02/15/2023,"22,251","24,189","22,066","24,173"
02/15/2022,"42,257","44,512","42,243","44,007"
02/15/2021,"48,840","49,277","45,944","48,183"
02/15/2020,"10,339","10,387","9,826","9,921"
02/15/2019,"3,604","3,644","3,582","3,599"
02/15/2018,"9,289","10,218","9,251","9,883"
02/14/2023,"21,624","22,304","21,611","22,251"
02/14/2022,"42,259","42,843","41,646","42,257"
02/14/2021,"47,210","49,698","46,954","48,921"
02/14/2020,"10,180","10,383","10,103","10,339"
02/14/2019,"3,601","3,618","3,581","3,604"
02/14/2018,"8,553","9,368","8,483","9,283"
02/13/2023,"21,739","21,894","21,437","21,621"
02/13/2022,"41,910","42,743","41,889","42,259"
02/13/2021,"47,962","48,143","46,342","47,210"
02/13/2020,"10,385","10,492","10,097","10,182"
02/13/2019,"3,612","3,663","3,592","3,601"
02/13/2018,"8,830","8,977","8,370","8,564"
01/31/2023,"22,743","23,182","22,549","22,950"
01/31/2022,"37,747","38,728","36,703","38,444"
01/31/2021,"34,649","34,789","32,237","32,626"
01/31/2020,"9,549","9,559","9,217","9,362"
01/31/2019,"3,463","3,498","3,427","3,445"
01/31/2018,"10,125","10,334","9,628","9,999"
01/30/2023,"23,792","23,870","22,644","22,732"
01/30/2022,"38,437","38,437","37,411","37,747"
01/30/2021,"34,642","35,344","32,880","34,649"
01/30/2020,"9,362","9,557","9,197","9,547"
01/30/2019,"3,428","3,488","3,400","3,463"
01/30/2018,"11,224","11,224","9,810","10,138"
01/29/2023,"23,005","23,940","22,975","23,792"
01/29/2022,"37,818","38,673","37,362","38,437"
01/29/2021,"33,274","38,641","32,002","34,715"
01/29/2020,"9,051","9,423","9,049","9,362"
01/29/2019,"3,442","3,465","3,371","3,429"
01/29/2018,"11,762","11,765","11,008","11,223"
01/28/2023,"23,097","23,184","22,900","23,005"
01/28/2022,"36,223","38,009","35,934","37,818"
01/28/2021,"30,941","33,286","29,970","33,274"
01/28/2020,"8,954","9,183","8,886","9,061"
01/28/2019,"3,563","3,563","3,402","3,442"
01/28/2018,"11,554","11,942","11,317","11,757"
01/27/2023,"23,072","23,478","22,587","23,097"
01/27/2022,"36,371","37,168","35,551","36,223"
01/27/2021,"31,993","32,879","29,288","31,030"
01/27/2020,"8,591","8,989","8,552","8,954"
01/27/2019,"3,583","3,591","3,515","3,563"
01/27/2018,"10,899","11,574","10,773","11,554"
01/26/2023,"23,576","23,762","22,856","23,068"
01/26/2022,"36,632","38,874","36,371","36,371"
01/26/2021,"32,681","32,812","30,921","31,993"
01/26/2020,"8,377","8,598","8,294","8,591"
01/26/2019,"3,580","3,669","3,572","3,583"
01/26/2018,"11,241","11,609","10,321","10,899"
01/25/2023,"22,903","23,641","22,358","23,576"
01/25/2022,"36,851","37,501","35,741","36,632"
01/25/2021,"31,934","34,860","31,731","32,643"
01/25/2020,"8,501","8,505","8,268","8,376"
01/25/2019,"3,596","3,606","3,553","3,580"
01/25/2018,"11,213","11,711","10,889","11,246"
01/24/2023,"22,989","23,158","22,783","22,900"
01/24/2022,"35,379","37,397","33,070","36,851"
01/24/2021,"32,399","33,069","31,012","31,934"
01/24/2020,"8,391","8,511","8,230","8,501"
01/24/2019,"3,565","3,617","3,549","3,596"
01/24/2018,"10,986","11,474","10,497","11,208"
01/23/2023,"22,599","23,137","22,550","22,989"
01/23/2022,"35,461","36,157","34,694","35,389"
01/23/2021,"33,375","33,642","31,471","32,340"
01/23/2020,"8,641","8,665","8,290","8,391"
01/23/2019,"3,594","3,627","3,547","3,565"
01/23/2018,"10,264","11,358","9,972","10,984"
01/22/2023,"23,199","23,215","22,357","22,579"
01/22/2022,"36,701","37,149","34,163","35,461"
01/22/2021,"31,275","33,842","28,898","33,375"
01/22/2020,"8,723","8,784","8,577","8,641"
01/22/2019,"3,537","3,625","3,447","3,595"
01/22/2018,"11,348","11,869","10,051","10,264"
01/21/2023,"22,336","23,318","22,328","23,199"
01/21/2022,"41,391","41,524","36,208","36,689"
01/21/2021,"34,919","35,664","31,048","31,275"
01/21/2020,"8,667","8,771","8,507","8,724"
01/21/2019,"3,555","3,570","3,526","3,537"
01/21/2018,"12,904","12,947","11,096","11,348"
01/20/2023,"20,941","22,387","20,887","22,336"
01/20/2022,"41,733","43,517","41,389","41,391"
01/20/2021,"36,494","36,788","33,487","34,892"
01/20/2020,"8,718","8,741","8,519","8,667"
01/20/2019,"3,728","3,731","3,506","3,555"
01/20/2018,"11,343","13,007","11,245","12,904"
01/19/2023,"20,772","21,162","20,659","20,941"
01/19/2022,"42,401","42,604","41,200","41,739"
01/19/2021,"36,252","37,843","36,170","36,494"
01/19/2020,"8,910","9,176","8,484","8,718"
01/19/2019,"3,634","3,784","3,629","3,727"
01/19/2018,"11,551","11,955","10,989","11,296"
01/18/2023,"21,330","21,532","20,502","20,775"
01/18/2022,"41,741","42,476","41,319","42,401"
01/18/2021,"36,530","37,433","34,841","36,255"
01/18/2020,"8,898","8,973","8,806","8,910"
01/18/2019,"3,650","3,673","3,605","3,634"
01/18/2018,"11,378","12,045","10,664","11,541"
01/17/2023,"21,130","21,427","20,906","21,330"
01/17/2022,"43,011","43,275","41,632","41,741"
01/17/2021,"35,935","36,828","33,928","36,530"
01/17/2020,"8,682","8,992","8,672","8,897"
01/17/2019,"3,623","3,667","3,579","3,650"
01/17/2018,"10,617","11,751","9,200","11,378"
01/16/2023,"20,898","21,413","20,700","21,129"
01/16/2022,"43,332","43,472","42,622","43,011"
01/16/2021,"36,324","37,938","35,624","35,785"
01/16/2020,"8,816","8,856","8,591","8,682"
01/16/2019,"3,593","3,688","3,593","3,623"
01/16/2018,"13,919","13,919","10,352","10,617"
01/15/2023,"20,900","21,066","20,577","20,898"
01/15/2022,"43,329","43,775","42,620","43,346"
01/15/2021,"38,757","39,673","34,446","36,324"
01/15/2020,"8,732","8,881","8,577","8,816"
01/15/2019,"3,693","3,714","3,582","3,593"
01/15/2018,"13,378","14,308","13,378","13,919"
01/14/2023,"19,818","21,204","19,751","20,888"
01/14/2022,"42,826","43,411","41,865","43,329"
01/14/2021,"37,248","40,030","36,799","38,863"
01/14/2020,"8,133","8,826","8,105","8,732"
01/14/2019,"3,545","3,732","3,526","3,693"
01/14/2018,"14,173","14,353","13,052","13,394"
01/13/2023,"18,836","19,866","18,727","19,818"
01/13/2022,"43,815","44,401","42,354","42,826"
01/13/2021,"34,736","37,358","32,466","37,248"
01/13/2020,"8,100","8,193","8,054","8,133"
01/13/2019,"3,656","3,675","3,516","3,545"
01/13/2018,"13,744","14,537","13,599","14,167"
07/12/2023,"30,577","30,833","30,267","30,342"
06/12/2023,"26,135","26,151","25,677","25,886"
05/12/2023,"27,027","27,085","25,883","26,456"
04/12/2023,"30,173","30,410","29,739","29,963"
03/12/2023,"20,453","21,432","20,392","21,397"
02/12/2023,"21,829","22,086","21,714","21,739"
01/12/2023,"17,556","19,051","17,517","18,822"
07/11/2023,"30,793","30,793","30,261","30,586"
06/11/2023,"25,792","26,190","25,671","26,136"
05/11/2023,"27,884","27,887","26,767","27,027"
04/11/2023,"29,111","30,488","29,089","30,173"
03/11/2023,"20,096","20,784","19,889","20,453"
02/11/2023,"21,543","21,839","21,527","21,829"
01/11/2023,"17,475","17,570","17,323","17,556"
07/10/2023,"30,203","30,979","30,001","30,793"
06/10/2023,"26,443","26,521","25,460","25,792"
05/10/2023,"27,670","28,297","26,967","27,896"
04/10/2023,"28,108","29,258","28,108","29,111"
03/10/2023,"20,244","20,475","19,594","20,091"
02/10/2023,"21,841","21,940","21,507","21,543"
01/10/2023,"17,190","17,489","17,134","17,475"
07/09/2023,"30,161","30,417","30,155","30,203"
06/09/2023,"26,637","26,757","26,325","26,446"
05/09/2023,"27,565","27,837","27,403","27,670"
04/09/2023,"27,961","28,298","27,899","28,108"
03/09/2023,"22,005","22,005","20,125","20,244"
02/09/2023,"22,960","22,999","21,757","21,841"
01/09/2023,"16,955","17,399","16,952","17,190"
07/08/2023,"30,245","30,378","30,106","30,161"
06/08/2023,"26,354","26,764","26,153","26,637"
05/08/2023,"28,926","28,995","27,297","27,565"
04/08/2023,"27,855","28,188","27,847","27,961"
03/08/2023,"22,050","22,267","21,883","22,006"
02/08/2023,"23,191","23,405","22,711","22,960"
01/08/2023,"16,943","17,007","16,913","16,953"
07/07/2023,"30,301","30,431","29,776","30,245"
06/07/2023,"26,955","27,294","26,258","26,355"
05/07/2023,"28,961","29,261","28,834","28,926"
04/07/2023,"27,982","28,103","27,801","27,855"
03/07/2023,"22,404","22,529","21,971","22,050"
02/07/2023,"22,918","23,297","22,650","23,201"
01/07/2023,"16,929","16,981","16,909","16,943"
07/06/2023,"30,466","31,431","29,957","30,301"
06/06/2023,"25,641","27,176","25,407","26,955"
05/06/2023,"29,531","29,983","28,567","28,961"
04/06/2023,"28,185","28,230","27,778","27,982"
03/06/2023,"22,482","22,571","22,313","22,401"
02/06/2023,"22,896","23,150","22,643","22,918"
01/06/2023,"16,846","17,002","16,698","16,929"
07/05/2023,"30,798","30,870","30,216","30,466"
06/05/2023,"27,254","27,418","25,438","25,636"
05/05/2023,"28,891","29,677","28,776","29,531"
04/05/2023,"28,266","28,722","27,826","28,185"
03/05/2023,"22,226","22,633","22,215","22,482"
02/05/2023,"23,417","23,452","22,782","22,896"
01/05/2023,"16,821","16,846","16,771","16,846"
07/04/2023,"31,117","31,311","30,656","30,793"
06/04/2023,"27,082","27,294","26,967","27,254"
05/04/2023,"28,512","29,369","28,512","28,891"
04/04/2023,"27,577","28,427","27,337","28,266"
03/04/2023,"22,246","22,411","22,170","22,224"
02/04/2023,"23,380","23,575","23,278","23,417"
01/04/2023,"16,667","16,980","16,641","16,820"
07/03/2023,"30,586","31,345","30,530","31,117"
06/03/2023,"27,200","27,322","27,080","27,082"
05/03/2023,"28,705","28,794","28,173","28,512"
04/03/2023,"28,089","28,463","27,573","27,573"
03/03/2023,"23,417","23,549","22,111","22,246"
02/03/2023,"23,598","23,706","23,244","23,387"
01/03/2023,"16,725","16,799","16,609","16,667"
07/02/2023,"30,575","30,646","30,266","30,586"
06/02/2023,"26,866","27,284","26,590","27,200"
05/02/2023,"27,705","28,876","27,700","28,705"
04/02/2023,"28,467","28,570","27,953","28,089"
03/02/2023,"23,542","23,783","23,219","23,427"
02/02/2023,"23,678","24,205","23,581","23,598"
01/02/2023,"16,591","16,758","16,544","16,725"
07/01/2023,"30,379","30,643","30,319","30,575"
06/01/2023,"27,120","27,334","26,662","26,866"
05/01/2023,"29,348","29,482","27,705","27,705"
04/01/2023,"28,392","28,815","28,316","28,467"
03/01/2023,"23,142","23,942","23,046","23,542"
02/01/2023,"22,950","23,789","22,820","23,678"
01/01/2023,"16,549","16,617","16,491","16,591"
12/12/2022,"17,109","17,191","16,884","17,153"
11/12/2022,"16,773","17,092","16,619","16,793"
10/12/2022,"19,026","19,188","18,999","19,148"
09/12/2022,"21,643","22,467","21,500","22,396"
08/12/2022,"24,214","24,311","23,634","24,244"
07/12/2022,"20,402","20,403","19,306","19,434"
06/12/2022,"28,403","28,659","26,947","27,383"
05/12/2022,"28,315","30,079","25,805","28,572"
04/12/2022,"39,850","40,641","39,301","39,536"
03/12/2022,"38,864","39,364","38,713","39,103"
02/12/2022,"42,561","43,025","41,816","41,910"
01/12/2022,"42,686","44,303","42,498","43,815"
12/11/2022,"17,129","17,258","17,093","17,109"
11/11/2022,"17,807","17,857","16,429","16,773"
10/11/2022,"19,243","19,270","18,888","19,026"
09/11/2022,"21,487","21,860","21,426","21,643"
08/11/2022,"23,909","24,859","23,792","24,214"
07/11/2022,"20,960","21,158","20,301","20,396"
06/11/2022,"29,194","29,409","28,173","28,393"
05/11/2022,"30,960","32,075","28,233","28,315"
04/11/2022,"43,147","43,242","39,629","39,850"
03/11/2022,"39,330","40,189","38,261","38,869"
02/11/2022,"43,753","44,113","42,253","42,561"
01/11/2022,"41,705","43,109","41,304","42,686"
12/10/2022,"17,109","17,219","17,106","17,129"
11/10/2022,"15,788","18,096","15,614","17,807"
10/10/2022,"19,477","19,518","19,137","19,243"
09/10/2022,"21,285","21,712","21,192","21,487"
08/10/2022,"23,147","24,117","22,720","23,880"
07/10/2022,"21,686","21,737","20,684","20,960"
06/10/2022,"30,148","30,286","28,891","29,194"
05/10/2022,"31,076","32,624","29,842","30,960"
04/10/2022,"42,459","43,398","42,430","43,154"
03/10/2022,"41,910","42,123","38,770","39,302"
02/10/2022,"44,502","45,758","43,350","43,753"
01/10/2022,"42,314","42,484","39,712","41,705"
12/09/2022,"17,178","17,274","17,077","17,109"
11/09/2022,"18,711","18,724","15,691","15,788"
10/09/2022,"19,461","19,558","19,278","19,477"
09/09/2022,"19,371","21,411","19,258","21,285"
08/09/2022,"24,073","24,073","22,898","23,147"
07/09/2022,"21,834","21,997","21,323","21,668"
06/09/2022,"30,202","30,653","29,961","30,139"
05/09/2022,"34,604","34,604","30,416","31,076"
04/09/2022,"42,808","42,859","42,138","42,459"
03/09/2022,"38,545","42,552","38,515","41,910"
02/09/2022,"44,264","44,837","43,202","44,502"
01/09/2022,"41,786","42,771","41,285","42,334"
12/08/2022,"16,833","17,288","16,763","17,178"
11/08/2022,"20,667","20,667","17,302","18,711"
10/08/2022,"19,549","19,643","19,424","19,461"
09/08/2022,"19,393","19,450","19,083","19,371"
08/08/2022,"23,271","24,234","23,081","24,073"
07/08/2022,"21,608","22,336","21,208","21,834"
06/08/2022,"31,341","31,515","29,874","30,202"
05/08/2022,"35,775","35,816","33,766","34,604"
04/08/2022,"43,573","43,962","42,557","42,750"
03/08/2022,"37,873","39,372","37,823","38,545"
02/08/2022,"44,050","45,403","42,727","44,264"
01/08/2022,"41,884","42,206","40,614","41,786"
12/07/2022,"16,994","17,125","16,692","16,833"
11/07/2022,"21,132","21,179","20,621","20,667"
10/07/2022,"20,055","20,055","19,351","19,549"
09/07/2022,"18,962","19,447","18,582","19,393"
08/07/2022,"23,167","23,285","22,863","23,271"
07/07/2022,"20,394","21,808","20,258","21,608"
06/07/2022,"31,432","31,554","29,230","31,341"
05/07/2022,"36,074","36,140","35,749","35,775"
04/07/2022,"43,905","44,002","42,784","43,573"
03/07/2022,"38,994","39,534","37,187","37,873"
02/07/2022,"41,693","44,495","41,609","44,050"
01/07/2022,"43,114","43,233","40,769","41,908"
12/06/2022,"16,970","17,092","16,920","16,994"
11/06/2022,"21,367","21,372","21,125","21,132"
10/06/2022,"20,022","20,438","19,890","20,049"
09/06/2022,"19,743","20,147","18,734","18,962"
08/06/2022,"22,969","23,347","22,969","23,167"
07/06/2022,"20,439","20,457","19,765","20,394"
06/06/2022,"29,941","31,735","29,817","31,432"
05/06/2022,"36,432","36,648","35,387","36,074"
04/06/2022,"45,707","46,042","43,343","43,898"
03/06/2022,"39,378","39,660","38,144","38,994"
02/06/2022,"41,670","42,094","41,229","41,693"
01/06/2022,"43,658","43,764","42,529","43,114"
12/05/2022,"17,113","17,416","16,890","16,970"
11/05/2022,"21,147","21,486","21,085","21,367"
10/05/2022,"20,350","20,402","19,779","20,022"
09/05/2022,"19,898","20,048","19,646","19,743"
08/05/2022,"22,503","23,455","22,467","22,969"
07/05/2022,"19,532","20,692","19,395","20,459"
06/05/2022,"29,726","30,149","29,539","29,945"
05/05/2022,"39,780","39,860","35,690","36,432"
04/05/2022,"46,304","47,158","45,593","45,707"
03/05/2022,"39,410","39,583","38,641","39,396"
02/05/2022,"40,647","41,919","40,410","41,718"
01/05/2022,"46,298","46,851","43,522","43,658"
12/04/2022,"16,957","17,151","16,876","17,113"
11/04/2022,"20,240","21,200","20,164","21,147"
10/04/2022,"19,590","20,420","19,511","20,350"
09/04/2022,"19,739","19,936","19,605","19,898"
08/04/2022,"23,324","23,367","22,443","22,503"
07/04/2022,"19,106","19,850","19,044","19,532"
06/04/2022,"29,649","29,888","29,482","29,726"
05/04/2022,"37,633","39,890","37,633","39,780"
04/04/2022,"46,391","47,367","45,174","46,304"
03/04/2022,"42,117","42,659","39,106","39,410"
02/04/2022,"36,967","40,890","36,833","40,647"
01/04/2022,"46,055","47,490","45,586","46,298"
12/03/2022,"17,016","17,133","16,907","16,957"
11/03/2022,"20,192","20,387","20,063","20,240"
10/03/2022,"19,227","19,630","18,945","19,590"
09/03/2022,"19,965","20,044","19,663","19,739"
08/03/2022,"23,015","23,607","22,698","23,324"
07/03/2022,"19,295","19,319","18,782","19,106"
06/03/2022,"30,242","30,667","29,355","29,652"
05/03/2022,"38,321","38,854","37,543","37,633"
04/03/2022,"46,208","46,766","45,580","46,391"
03/03/2022,"43,950","44,224","41,848","42,127"
02/03/2022,"36,877","37,220","36,279","36,964"
01/03/2022,"47,026","47,544","45,745","46,055"
12/02/2022,"16,931","17,098","16,859","17,016"
11/02/2022,"20,481","20,739","20,118","20,192"
10/02/2022,"19,250","19,391","19,062","19,231"
09/02/2022,"20,076","20,411","19,778","19,965"
08/02/2022,"23,027","23,450","22,679","23,015"
07/02/2022,"19,420","19,489","18,997","19,295"
06/02/2022,"29,645","30,350","29,504","30,242"
05/02/2022,"38,196","39,108","38,102","38,321"
04/02/2022,"46,175","47,183","45,681","46,208"
03/02/2022,"43,899","45,309","43,372","43,950"
02/02/2022,"38,741","38,900","36,686","36,877"
01/02/2022,"47,312","47,946","46,709","47,021"
12/01/2022,"17,102","17,211","16,876","16,931"
11/01/2022,"20,407","20,670","20,368","20,481"
10/01/2022,"19,425","19,476","19,218","19,250"
09/01/2022,"20,207","20,291","19,591","20,076"
08/01/2022,"23,804","23,824","22,878","23,027"
07/01/2022,"18,731","20,742","18,706","19,414"
06/01/2022,"31,757","31,957","29,367","29,645"
05/01/2022,"38,332","38,660","37,510","38,196"
04/01/2022,"45,760","46,696","44,310","46,175"
03/01/2022,"41,650","44,957","41,650","43,870"
02/01/2022,"38,444","39,261","38,051","38,741"
01/01/2022,"46,338","47,912","46,196","47,312"
12/12/2021,"48,847","50,767","48,672","49,981"
11/12/2021,"65,030","65,459","62,334","64,072"
10/12/2021,"57,390","57,631","54,404","55,364"
09/12/2021,"45,317","46,198","44,781","45,023"
08/12/2021,"46,340","46,391","43,844","44,440"
07/12/2021,"33,859","34,611","32,660","32,833"
06/12/2021,"37,331","37,342","35,509","36,041"
05/12/2021,"56,942","57,977","53,646","54,540"
04/12/2021,"59,607","61,224","59,429","60,011"
03/12/2021,"57,721","58,118","55,160","56,981"
02/12/2021,"46,943","48,842","46,438","47,853"
01/12/2021,"34,088","36,612","32,585","34,766"
12/11/2021,"47,984","49,285","46,880","48,847"
11/11/2021,"64,193","65,597","63,984","65,030"
10/11/2021,"55,425","57,767","54,445","57,390"
09/11/2021,"45,094","46,000","44,304","45,333"
08/11/2021,"45,627","46,752","45,276","46,340"
07/11/2021,"33,329","34,077","33,279","33,859"
06/11/2021,"36,410","37,537","36,217","37,331"
05/11/2021,"55,328","56,949","54,612","56,942"
04/11/2021,"58,606","60,649","58,599","59,607"
03/11/2021,"56,954","57,918","54,416","57,721"
02/11/2021,"45,050","48,593","44,090","46,943"
01/11/2021,"37,984","38,931","30,323","34,184"
12/10/2021,"47,996","49,982","47,355","47,984"
11/10/2021,"67,802","68,925","63,052","64,387"
10/10/2021,"54,651","56,370","54,211","55,425"
09/10/2021,"46,265","47,041","44,879","45,094"
08/10/2021,"45,482","46,608","44,695","45,627"
07/10/2021,"33,508","34,229","33,098","33,329"
06/10/2021,"36,387","38,389","35,850","36,410"
05/10/2021,"58,001","59,552","54,000","55,328"
04/10/2021,"58,354","61,197","57,876","58,621"
03/10/2021,"54,313","57,357","53,235","56,932"
02/10/2021,"47,357","47,357","43,783","45,039"
01/10/2021,"40,802","41,423","35,193","37,984"
12/09/2021,"50,634","50,851","47,377","47,996"
11/09/2021,"66,143","68,494","66,112","67,802"
10/09/2021,"53,951","55,410","53,738","54,651"
09/09/2021,"46,154","47,384","45,586","46,268"
08/09/2021,"43,855","46,431","42,832","45,482"
07/09/2021,"32,788","33,667","32,302","33,508"
06/09/2021,"33,625","36,825","32,466","36,406"
05/09/2021,"59,014","59,318","56,530","57,982"
04/09/2021,"57,677","58,879","57,473","58,354"
03/09/2021,"51,883","54,818","51,448","54,313"
02/09/2021,"44,692","48,219","44,356","47,357"
01/09/2021,"39,927","41,401","38,775","40,769"
12/08/2021,"50,500","51,182","48,750","50,634"
11/08/2021,"62,862","66,504","62,817","66,175"
10/08/2021,"54,205","55,981","53,659","53,951"
09/08/2021,"46,825","47,357","44,548","46,154"
08/08/2021,"43,945","45,276","43,331","43,855"
07/08/2021,"34,550","34,550","32,142","32,788"
06/08/2021,"34,454","34,630","31,101","33,638"
05/08/2021,"57,713","59,556","56,915","59,014"
04/08/2021,"56,221","58,134","55,752","57,681"
03/08/2021,"50,104","51,949","49,368","51,896"
02/08/2021,"38,610","44,797","38,085","44,797"
01/08/2021,"39,596","41,958","36,722","39,927"
12/07/2021,"50,126","51,942","50,126","50,500"
11/07/2021,"61,226","63,058","61,226","62,862"
10/07/2021,"54,903","55,588","53,496","54,205"
09/07/2021,"51,930","52,918","43,917","46,777"
08/07/2021,"42,696","44,557","42,404","43,945"
07/07/2021,"33,941","35,040","33,724","34,550"
06/07/2021,"35,938","36,767","34,155","34,471"
05/07/2021,"55,987","58,683","55,350","57,699"
04/07/2021,"58,244","58,624","55,494","56,157"
03/07/2021,"48,592","51,343","48,552","50,104"
02/07/2021,"40,085","40,481","37,422","38,610"
01/07/2021,"35,934","40,358","35,806","39,596"
12/06/2021,"49,275","50,426","47,290","50,007"
11/06/2021,"60,966","61,594","60,184","61,223"
10/06/2021,"51,378","55,399","50,476","54,903"
09/06/2021,"51,753","52,142","51,044","51,930"
08/06/2021,"40,908","43,314","39,942","42,673"
07/06/2021,"33,847","35,058","33,601","33,941"
06/06/2021,"35,857","36,454","34,874","35,897"
05/06/2021,"56,863","58,334","55,427","55,987"
04/06/2021,"58,800","59,469","57,391","58,244"
03/06/2021,"49,138","49,391","47,147","48,583"
02/06/2021,"37,853","40,972","37,714","40,103"
01/06/2021,"33,788","36,452","33,478","35,848"
12/05/2021,"48,770","49,746","47,892","49,275"
11/05/2021,"61,364","62,571","60,791","60,966"
10/05/2021,"49,016","51,757","48,595","51,378"
09/05/2021,"50,195","51,652","49,527","51,652"
08/05/2021,"39,745","41,367","37,454","40,908"
07/05/2021,"35,542","35,945","33,171","33,847"
06/05/2021,"37,071","37,942","35,396","35,826"
05/05/2021,"54,842","57,909","53,058","56,854"
04/05/2021,"58,030","59,231","56,886","58,810"
03/05/2021,"47,917","49,442","46,472","49,138"
02/05/2021,"37,687","38,325","36,642","37,853"
01/05/2021,"31,029","34,221","29,991","33,788"
12/04/2021,"53,648","53,874","42,169","48,745"
11/04/2021,"62,769","63,211","60,776","61,378"
10/04/2021,"48,465","49,491","46,993","49,016"
09/04/2021,"50,152","50,543","49,535","50,195"
08/04/2021,"38,113","39,851","37,558","39,706"
07/04/2021,"34,715","35,679","34,297","35,542"
06/04/2021,"38,691","39,277","35,626","37,071"
09/12/2018,"6,253","6,332","6,204","6,308"
08/12/2018,"6,418","6,465","6,178","6,339"
07/12/2018,"6,356","6,382","6,148","6,173"
06/12/2018,"6,762","6,899","6,456","6,529"
05/12/2018,"8,436","8,643","8,221","8,436"
04/12/2018,"6,890","8,055","6,766","7,727"
03/12/2018,"9,531","9,885","8,778","9,104"
02/12/2018,"8,313","8,903","8,030","8,830"
01/12/2018,"13,445","14,095","12,879","13,695"
09/11/2018,"6,302","6,391","6,190","6,254"
08/11/2018,"6,191","6,462","6,009","6,399"
07/11/2018,"6,388","6,401","6,289","6,356"
06/11/2018,"6,719","6,816","6,652","6,762"
05/11/2018,"9,094","9,127","8,389","8,436"
04/11/2018,"6,840","6,959","6,787","6,889"
03/11/2018,"8,838","9,715","8,475","9,539"
02/11/2018,"8,269","8,587","7,845","8,313"
01/11/2018,"14,482","14,943","12,846","13,445"
09/10/2018,"6,387","6,390","6,216","6,300"
08/10/2018,"6,508","6,622","6,152","6,186"
07/10/2018,"6,697","6,792","6,324","6,388"
06/10/2018,"7,631","7,631","6,647","6,719"
05/10/2018,"9,252","9,383","9,054","9,094"
04/10/2018,"6,665","6,860","6,660","6,840"
03/10/2018,"9,022","9,505","8,787","8,838"
02/10/2018,"8,548","9,071","8,165","8,269"
01/10/2018,"14,544","14,694","13,456","14,482"
09/09/2018,"6,173","6,438","6,157","6,387"
08/09/2018,"6,316","6,536","6,204","6,508"
07/09/2018,"6,747","6,753","6,673","6,697"
06/09/2018,"7,646","7,679","7,576","7,632"
05/09/2018,"9,158","9,360","8,976","9,253"
04/09/2018,"6,953","7,171","6,617","6,665"
03/09/2018,"9,341","9,409","8,371","9,053"
02/09/2018,"8,174","8,719","7,755","8,513"
01/09/2018,"14,915","15,360","14,170","14,548"
09/08/2018,"6,447","6,466","6,120","6,173"
08/08/2018,"6,874","6,879","6,133","6,316"
07/08/2018,"6,527","6,811","6,521","6,749"
06/08/2018,"7,660","7,694","7,545","7,646"
05/08/2018,"9,434","9,455","9,050","9,158"
04/08/2018,"7,002","7,095","6,860","6,956"
03/08/2018,"9,943","10,109","9,076","9,341"
02/08/2018,"8,096","8,621","7,548","8,208"
01/08/2018,"16,183","16,466","13,958","14,901"
09/07/2018,"6,444","6,531","6,330","6,445"
08/07/2018,"6,920","7,149","6,845","6,874"
07/07/2018,"6,569","6,618","6,514","6,527"
06/07/2018,"7,622","7,750","7,616","7,660"
05/07/2018,"9,518","9,635","9,189","9,434"
04/07/2018,"6,603","7,050","6,538","7,006"
03/07/2018,"10,788","10,888","9,468","9,947"
02/07/2018,"7,755","8,583","7,208","8,096"
01/07/2018,"16,849","17,212","15,770","16,183"
09/06/2018,"6,952","6,981","6,279","6,444"
08/06/2018,"7,049","7,146","6,885","6,920"
07/06/2018,"6,508","6,623","6,455","6,569"
06/06/2018,"7,627","7,670","7,495","7,622"
05/06/2018,"9,743","9,910","9,409","9,540"
04/06/2018,"6,749","6,850","6,513","6,602"
03/06/2018,"11,560","11,603","10,585","10,793"
02/06/2018,"7,152","7,957","5,947","7,755"
01/06/2018,"16,765","17,118","16,255","16,849"
09/05/2018,"7,363","7,387","6,866","6,948"
08/05/2018,"6,982","7,082","6,894","7,037"
07/05/2018,"6,687","6,692","6,454","6,508"
06/05/2018,"7,524","7,648","7,373","7,627"
05/05/2018,"9,689","9,955","9,676","9,743"
04/05/2018,"6,847","6,919","6,584","6,749"
03/05/2018,"11,400","11,660","11,335","11,561"
02/05/2018,"8,085","8,416","6,584","7,152"
01/05/2018,"14,921","16,909","14,817","16,828"
09/04/2018,"7,299","7,404","7,237","7,363"
08/04/2018,"7,389","7,485","6,933","6,982"
07/04/2018,"6,607","6,784","6,420","6,687"
06/04/2018,"7,727","7,755","7,457","7,524"
05/04/2018,"9,656","9,791","9,540","9,689"
04/04/2018,"7,405","7,438","6,731","6,847"
03/04/2018,"11,286","11,475","11,068","11,397"
02/04/2018,"9,159","9,363","7,860","8,095"
01/04/2018,"15,057","15,395","14,225","14,921"
09/03/2018,"7,282","7,325","7,198","7,299"
08/03/2018,"7,556","7,565","7,290","7,389"
07/03/2018,"6,620","6,668","6,538","6,608"
06/03/2018,"7,616","7,769","7,598","7,727"
05/03/2018,"9,181","9,726","9,162","9,658"
04/03/2018,"6,979","7,507","6,978","7,411"
03/03/2018,"11,016","11,498","10,952","11,286"
02/03/2018,"8,588","9,471","8,176","9,157"
01/03/2018,"14,770","15,394","14,589","15,057"
09/02/2018,"7,195","7,328","7,137","7,282"
08/02/2018,"7,483","7,701","7,444","7,556"
07/02/2018,"6,359","6,665","6,279","6,620"
06/02/2018,"7,438","7,683","7,437","7,616"
05/02/2018,"9,013","9,182","8,984","9,168"
04/02/2018,"6,892","7,108","6,760","6,920"
03/02/2018,"10,931","11,166","10,784","11,034"
02/02/2018,"9,146","9,164","7,695","8,524"
01/02/2018,"13,535","15,217","12,956","14,770"
10/01/2018,"6,564","6,643","6,501","6,556"
09/01/2018,"7,043","7,260","7,003","7,195"
08/01/2018,"7,693","7,769","7,469","7,484"
07/01/2018,"6,350","6,427","6,262","6,359"
06/01/2018,"7,539","7,600","7,355","7,438"
05/01/2018,"9,275","9,282","8,842","9,013"
04/01/2018,"6,926","7,035","6,443","6,829"
03/01/2018,"10,532","11,074","10,222","10,924"
02/01/2018,"9,999","10,203","8,564","9,146"
01/01/2018,"13,996","14,035","12,860","13,535"
12/12/2017,"17,158","17,615","16,259","17,262"
11/12/2017,"6,472","6,472","5,507","5,907"
10/12/2017,"4,809","5,386","4,802","5,288"
12/11/2017,"14,546","17,383","14,498","17,158"
11/11/2017,"6,585","6,828","6,199","6,472"
10/11/2017,"4,830","4,883","4,726","4,810"
12/10/2017,"14,632","15,635","13,153","14,601"
11/10/2017,"7,118","7,330","6,423","6,673"
10/10/2017,"4,807","4,909","4,189","4,830"
12/09/2017,"15,828","16,292","13,315","14,654"
11/09/2017,"7,259","7,491","7,058","7,116"
10/09/2017,"4,583","4,870","4,554","4,807"
12/08/2017,"16,091","17,154","13,964","16,050"
11/08/2017,"7,074","7,879","7,043","7,259"
10/08/2017,"4,351","4,606","4,348","4,583"
12/07/2017,"13,251","16,569","13,251","16,097"
11/07/2017,"7,127","7,222","6,932","7,074"
10/07/2017,"4,349","4,387","4,330","4,351"
12/06/2017,"11,770","13,243","11,663","13,243"
11/06/2017,"7,360","7,433","6,949","7,124"
10/06/2017,"4,330","4,417","4,303","4,350"
12/05/2017,"11,468","11,860","11,450","11,770"
11/05/2017,"7,457","7,602","7,298","7,361"
10/05/2017,"4,286","4,345","4,190","4,217"
12/04/2017,"10,936","11,560","10,496","11,468"
11/04/2017,"7,146","7,504","6,995","7,457"
10/04/2017,"4,387","4,429","4,246","4,286"
12/03/2017,"11,016","11,832","10,705","10,911"
11/03/2017,"7,084","7,454","6,942","7,204"
10/03/2017,"4,345","4,462","4,345","4,387"
12/02/2017,"10,891","11,156","10,701","11,016"
11/02/2017,"6,584","7,355","6,581","7,084"
10/02/2017,"4,326","4,367","4,261","4,344"
12/01/2017,"9,718","10,934","9,421","10,858"
11/01/2017,"6,397","6,629","6,358","6,588"
10/01/2017,"4,181","4,358","4,150","4,330"
09/29/2017,"4,194","4,279","4,135","4,177"
09/28/2017,"3,916","4,194","3,891","4,194"
09/27/2017,"3,958","3,969","3,865","3,918"
09/26/2017,"3,664","3,970","3,662","3,951"
09/25/2017,"3,739","3,778","3,628","3,664"
09/24/2017,"3,620","3,811","3,573","3,739"
09/23/2017,"3,652","3,749","3,519","3,620"
09/22/2017,"3,931","3,949","3,585","3,628"
09/21/2017,"3,904","4,021","3,826","3,933"
09/20/2017,"4,040","4,080","3,847","3,902"
09/19/2017,"3,711","4,064","3,671","4,040"
09/18/2017,"3,680","3,784","3,485","3,711"
09/17/2017,"3,752","3,875","3,552","3,682"
09/16/2017,"3,301","3,750","2,951","3,750"
09/15/2017,"3,917","3,960","3,278","3,704"
09/14/2017,"4,182","4,182","3,766","3,917"
09/13/2017,"4,187","4,368","4,067","4,182"
09/12/2017,"4,208","4,335","4,108","4,187"
09/11/2017,"4,258","4,315","3,976","4,211"
09/10/2017,"4,187","4,395","4,162","4,258"
09/09/2017,"4,633","4,699","4,152","4,187"
09/08/2017,"4,613","4,692","4,507","4,186"
09/07/2017,"4,416","4,666","4,416","4,614"
09/06/2017,"4,416","4,482","4,037","4,416"
09/05/2017,"4,632","4,646","4,168","4,416"
09/04/2017,"4,541","4,749","4,482","4,632"
09/01/2017,"4,633","4,803","4,624","4,889"
08/31/2017,"4,671","4,708","4,546","4,633"
08/30/2017,"4,430","4,703","4,400","4,671"
08/29/2017,"4,395","4,433","4,239","4,427"
08/28/2017,"4,379","4,439","4,364","4,396"
08/25/2017,"4,147","4,299","4,137","4,377"
08/24/2017,"4,152","4,300","4,097","4,143"
08/23/2017,"4,090","4,198","3,687","4,153"
08/22/2017,"4,175","4,193","4,033","4,090"
08/21/2017,"4,183","4,235","4,106","4,175"
08/18/2017,"4,378","4,522","4,236","4,056"
08/17/2017,"4,174","4,411","3,985","4,378"
08/16/2017,"4,352","4,484","3,893","4,174"
08/15/2017,"4,157","4,352","4,032","4,352"
08/14/2017,"3,859","4,225","3,853","4,161"
08/11/2017,"3,387","3,474","3,338","3,610"
08/10/2017,"3,462","3,490","3,280","3,387"
08/09/2017,"3,402","3,525","3,376","3,459"
08/08/2017,"3,296","3,452","3,223","3,400"
08/07/2017,"3,273","3,330","3,190","3,296"
08/04/2017,"2,695","2,823","2,688","2,861"
08/03/2017,"2,725","2,766","2,681","2,693"
08/02/2017,"2,873","2,925","2,670","2,725"
08/01/2017,"2,738","2,902","2,707","2,873"
07/31/2017,"2,728","2,753","2,616","2,738"
07/28/2017,"2,483","2,681","2,479","2,774"
07/27/2017,"2,596","2,633","2,434","2,483"
07/26/2017,"2,770","2,800","2,485","2,596"
07/25/2017,"2,784","2,814","2,721","2,771"
07/24/2017,"2,842","2,860","2,671","2,784"
07/21/2017,"2,296","2,784","2,281","2,652"
07/20/2017,"2,375","2,413","2,258","2,296"
07/19/2017,"2,178","2,407","2,175","2,375"
07/18/2017,"1,924","2,199","1,915","2,181"
07/17/2017,"2,046","2,072","1,837","1,926"
07/14/2017,"2,408","2,449","2,337","2,178"
07/13/2017,"2,361","2,432","2,272","2,408"
07/12/2017,"2,377","2,428","2,293","2,358"
07/11/2017,"2,554","2,554","2,368","2,373"
07/10/2017,"2,557","2,591","2,545","2,551"
07/07/2017,"2,634","2,649","2,593","2,534"
07/06/2017,"2,608","2,643","2,561","2,633"
07/05/2017,"2,603","2,660","2,581","2,608"
07/04/2017,"2,532","2,620","2,504","2,603"
07/03/2017,"2,458","2,532","2,396","2,532"
06/30/2017,"2,618","2,621","2,531","2,547"
06/29/2017,"2,476","2,619","2,475","2,618"
06/28/2017,"2,480","2,529","2,334","2,476"
06/27/2017,"2,570","2,633","2,391","2,480"
06/26/2017,"2,637","2,697","2,540","2,570"
06/23/2017,"2,698","2,768","2,644","2,764"
06/22/2017,"2,803","2,829","2,678","2,698"
06/21/2017,"2,623","2,821","2,623","2,803"
06/20/2017,"2,552","2,637","2,535","2,622"
06/19/2017,"2,680","2,707","2,522","2,553"
06/16/2017,"2,505","2,554","2,191","2,527"
06/15/2017,"2,732","2,829","2,479","2,499"
06/14/2017,"2,699","2,803","2,637","2,731"
06/13/2017,"2,996","3,041","2,543","2,699"
06/12/2017,"2,868","3,012","2,862","2,996"
06/09/2017,"2,688","2,817","2,625","2,843"
06/08/2017,"2,909","2,926","2,688","2,688"
06/07/2017,"2,682","2,967","2,681","2,908"
06/06/2017,"2,534","2,713","2,526","2,682"
06/05/2017,"2,559","2,578","2,494","2,534"
06/02/2017,"2,307","2,490","2,303","2,470"
06/01/2017,"2,224","2,351","2,153","2,308"
05/31/2017,"2,326","2,337","2,219","2,224"
05/30/2017,"2,189","2,340","2,136","2,326"
05/29/2017,"2,054","2,321","2,049","2,189"
05/26/2017,"2,503","2,792","2,352","2,317"
05/25/2017,"2,276","2,537","2,273","2,503"
05/24/2017,"2,175","2,291","2,062","2,277"
05/23/2017,"2,036","2,289","2,034","2,175"
05/22/2017,"2,042","2,093","2,001","2,035"
05/19/2017,"1,782","1,880","1,780","1,938"
05/18/2017,"1,714","1,824","1,688","1,782"
05/17/2017,"1,699","1,737","1,657","1,712"
05/16/2017,"1,751","1,794","1,740","1,699"
05/15/2017,"1,751","1,794","1,740","1,768"
05/12/2017,"1,743","1,839","1,732","1,666"
05/11/2017,"1,701","1,764","1,690","1,743"
05/10/2017,"1,612","1,754","1,609","1,701"
05/09/2017,"1,543","1,623","1,543","1,613"
05/08/2017,"1,544","1,558","1,526","1,543"
05/05/2017,"1,477","1,595","1,443","1,504"
05/04/2017,"1,425","1,495","1,424","1,477"
05/03/2017,"1,421","1,467","1,397","1,425"
05/02/2017,"1,345","1,427","1,343","1,421"
05/01/2017,"1,333","1,349","1,309","1,345"
04/28/2017,"1,290","1,336","1,283","1,291"
04/27/2017,"1,263","1,307","1,262","1,290"
04/26/2017,"1,249","1,271","1,248","1,263"
04/25/2017,"1,245","1,250","1,238","1,249"
04/24/2017,"1,251","1,253","1,231","1,245"
04/21/2017,"1,221","1,263","1,220","1,255"
04/20/2017,"1,216","1,225","1,209","1,222"
04/19/2017,"1,201","1,222","1,200","1,216"
04/18/2017,"1,188","1,207","1,182","1,201"
04/17/2017,"1,191","1,191","1,178","1,188"
04/14/2017,"1,217","1,222","1,155","1,186"
04/13/2017,"1,229","1,230","1,215","1,217"
04/12/2017,"1,205","1,232","1,204","1,229"
04/11/2017,"1,211","1,219","1,203","1,205"
04/10/2017,"1,181","1,218","1,178","1,211"
04/07/2017,"1,127","1,203","1,122","1,201"
04/06/2017,"1,139","1,146","1,113","1,127"
04/05/2017,"1,154","1,161","1,126","1,139"
04/04/2017,"1,100","1,155","1,097","1,154"
04/03/2017,"1,079","1,111","1,078","1,100"
03/31/2017,"1,044","1,052","1,023","1,068"
03/30/2017,"1,035","1,057","1,010","1,044"
03/29/2017,"1,033","1,065","1,017","1,035"
03/28/2017,951,"1,033",950,"1,033"
03/27/2017,955,999,947,951
03/24/2017,"1,017","1,053","1,011",952
03/23/2017,"1,108","1,119",991,"1,017"
03/22/2017,"1,043","1,118","1,035","1,108"
03/21/2017,"1,042","1,052","1,011","1,043"
03/20/2017,982,"1,059",946,"1,042"
03/17/2017,"1,253","1,261","1,132","1,110"
03/16/2017,"1,248","1,258","1,242","1,253"
03/15/2017,"1,243","1,258","1,227","1,248"
03/14/2017,"1,230","1,247","1,216","1,243"
03/13/2017,"1,171","1,238","1,170","1,229"
03/10/2017,"1,201","1,315","1,023","1,103"
03/09/2017,"1,165","1,209","1,135","1,201"
03/08/2017,"1,244","1,244","1,156","1,165"
03/07/2017,"1,277","1,282","1,188","1,244"
03/06/2017,"1,275","1,285","1,269","1,277"
03/03/2017,"1,261","1,293","1,252","1,281"
03/02/2017,"1,224","1,284","1,216","1,261"
03/01/2017,"1,196","1,229","1,187","1,224"
02/28/2017,"1,193","1,210","1,177","1,196"
02/27/2017,"1,177","1,197","1,173","1,193"
02/24/2017,"1,161","1,207","1,101","1,175"
02/23/2017,"1,125","1,164","1,119","1,161"
02/22/2017,"1,115","1,133","1,102","1,125"
02/21/2017,"1,059","1,116","1,059","1,115"
02/20/2017,"1,053","1,063","1,046","1,059"
02/17/2017,"1,036","1,058","1,028","1,056"
02/16/2017,"1,010","1,040","1,009","1,036"
02/15/2017,"1,008","1,011","1,001","1,010"
02/14/2017,999,"1,016",987,"1,008"
02/13/2017,"1,000","1,007",976,998
02/10/2017,972,"1,001",954,995
02/09/2017,"1,059","1,078",942,972
02/08/2017,"1,052","1,070","1,018","1,060"
02/07/2017,"1,026","1,055","1,024","1,052"
02/06/2017,"1,014","1,030","1,012","1,026"
02/03/2017,"1,010","1,024",996,"1,013"
02/02/2017,977,"1,010",977,"1,010"
02/01/2017,959,978,959,977
01/31/2017,921,963,920,959
01/30/2017,916,922,913,921
01/27/2017,914,922,909,920
01/26/2017,894,919,893,914
01/25/2017,898,903,885,895
01/24/2017,921,924,891,898
01/23/2017,920,927,913,921
01/20/2017,904,905,882,895
01/19/2017,871,905,871,904
01/18/2017,897,915,849,871
01/17/2017,829,906,827,897
01/16/2017,817,835,816,830
01/13/2017,823,830,774,828
01/12/2017,779,825,747,823
01/11/2017,908,920,752,779
01/10/2017,898,914,895,908
01/09/2017,911,915,878,898
01/06/2017,973,"1,029",867,892
01/05/2017,"1,092","1,153",887,970
01/04/2017,"1,025","1,141","1,024","1,091"
01/03/2017,"1,016","1,030","1,013","1,025"
01/02/2017,"1,003","1,034",996,"1,016"
12/30/2016,965,972,929,954
12/29/2016,967,983,950,965
12/28/2016,932,973,928,966
12/27/2016,902,938,898,932
12/26/2016,891,910,887,902
12/23/2016,861,912,858,903
12/22/2016,825,874,824,861
12/21/2016,793,830,792,825
12/20/2016,790,793,788,793
12/19/2016,788,792,788,790
12/16/2016,777,781,773,780
12/15/2016,778,778,775,777
12/14/2016,779,780,771,778
12/13/2016,778,788,767,779
12/12/2016,768,779,768,778
12/09/2016,770,772,766,771
12/08/2016,765,771,761,770
12/07/2016,757,768,752,766
12/06/2016,753,760,751,757
12/05/2016,764,767,746,753
12/02/2016,753,778,753,772
12/01/2016,743,755,742,753
11/30/2016,733,744,731,743
11/29/2016,732,734,729,733
11/28/2016,732,734,728,732
11/25/2016,735,737,728,737
11/24/2016,739,744,728,735
11/23/2016,748,749,732,739
11/22/2016,737,751,732,748
11/21/2016,725,739,725,736
11/18/2016,739,751,732,745
11/17/2016,741,752,737,739
11/16/2016,712,745,710,741
11/15/2016,707,716,705,712
11/14/2016,703,707,699,707
11/11/2016,710,718,710,715
11/10/2016,718,722,708,710
11/09/2016,711,739,708,718
11/08/2016,707,714,702,711
11/07/2016,709,714,700,706
11/04/2016,730,745,678,698
11/03/2016,732,732,720,730
11/02/2016,703,736,697,731
11/01/2016,700,707,682,703
10/31/2016,714,716,692,700
10/28/2016,672,685,668,687
10/27/2016,654,677,647,672
10/26/2016,648,655,648,654
10/25/2016,649,650,645,648
10/24/2016,651,655,648,649
10/21/2016,628,630,626,630
10/20/2016,634,636,625,627
10/19/2016,637,638,633,634
10/18/2016,640,641,636,637
10/17/2016,636,641,636,641
10/14/2016,635,638,634,638
10/13/2016,638,641,634,635
10/12/2016,616,640,616,638
10/11/2016,615,617,614,616
10/10/2016,616,617,614,614
10/07/2016,612,612,610,616
10/06/2016,608,613,608,612
10/05/2016,612,612,608,608
10/04/2016,610,613,610,612
10/03/2016,613,614,608,610
